Company Names,Cars Names,Engines,CC/Battery Capacity,Total Speed (km/h),Fuel Types,Seats,Torque (Nm),Horse Power (hp),Performance (0 - 100 km/h in sec), Car Price ($) 
FERRARI,SF90 STRADALE,V8,3990 cc,340,plug in hyrbrid,2,800,963,2.5,1100000
ROLLS ROYCE,PHANTOM,V12,6749 cc,250,Petrol,5,900,563,5.3,460000
Ford,KA+,1.2L Petrol,"1,200 cc",165,Petrol,5,140,85,10.5,15000
MERCEDES, GT 63 S,V8,"3,982 cc",250,Petrol,4,900,630,3.2,161000
AUDI,AUDI R8 Gt,V10,"5,204 cc",320,Petrol,2,560,602,3.6,253290
BMW,Mclaren 720s,V8,"3,994 cc",341,Petrol,2,770,710,2.9,499000
ASTON MARTIN,VANTAGE F1,V8,"3,982 cc",314,Petrol,2,685,656,3.6,193440
BENTLEY,Continental GT Azure,V8,"3,996 cc",318,Petrol,4,900,550,4,311000
LAMBORGHINI,VENENO ROADSTER,V12,"6,498 cc",356,Petrol,2,690,750,2.9,4500000
FERRARI,F8 TRIBUTO,V8,"3,900 cc",340,Petrol,2,770,710,2.9,280000
FERRARI,812 GTS,V12,6496 cc,340,Petrol,2,718,789,2.9,350000
FERRARI,PORTOFINO,V8,"3,900 cc",320,Petrol,2,760,592,3.2,210000
FERRARI,ROMA,V8,"3,900 cc",320,Petrol,2,760,612,3.4,230000
FERRARI,MONZA SP2,V12,"6,496 cc",340,Petrol,2,719,789,2.9,1700000
FERRARI,F8 SPIDER,V8,"3,900 cc",340,Petrol,2,770,710,2.9,280000
FERRARI,PORTOFINO M,V8,"3,900 cc",320,Petrol,2,760,612,3.2,220000
FERRARI,ROMA SPIDER,V8,"3,900 cc",320,Petrol,2,760,612,3.4,240000
TOYOTA,GR SUPRA,I4,"2,998 cc",250,Petrol,2,500,382,4.1,53900
TOYOTA,TOYOTA 86,BOXER-4,"1,998 cc",226,Petrol,2,205,205,6.4,27000
TOYOTA,TOYOTA  GR86,BOXER-4,"2,387 cc",226,Petrol,4,250,228,5.6,30000
TOYOTA,TOYOTA LAND CRUISER,V8,"5,663 cc",220,Diesel,7,500,381,6.7,85000
TOYOTA,TOYOTA SEQUOIA,V8,"5,663 cc",200,Petrol,7,651,381,6.9,50000
NISSAN,GT-R,V6,"3,799 cc",315,Petrol,4,637,600,2.9,113000
NISSAN,370Z,V6,"3,696 cc",250,Petrol,2,366,332,4.7,30000
NISSAN,Z PROTO,V6,"2,998 cc",290,Petrol,2,475,400,4.1,40000
NISSAN,ALTIMA,I4,"2,488 cc",225,Petrol,5,380,188,7.3,25000
NISSAN,MAXIMA,V6,"3,498 cc",240,Petrol,5,354,300,5.8,35000
NISSAN,SENTRA,I4,"1,998 cc",200,Petrol,5,240,149,8.2,20000
NISSAN,ROGUE,I4,"2,488 cc",200,Petrol,5,270,201,7.5,28000
NISSAN,PATHFINDER,V6,"3,498 cc",225,Petrol,7,351,284,6.5,35000
NISSAN,FRONTIER,V6,"3,799 cc",180,Petrol,5,381,310,6.8,30000
NISSAN,TITAN,V8,"5,598 cc",200,Petrol,5,560,400,5.9,40000
ASTON MARTIN,VALKYRIE,V12,"6,496 cc",402,Hybrid,2,900,1160,2.5,3200000
ASTON MARTIN,VALHALLA,V8,"3,996 cc",362,Hybrid,2,1000,1000,2.5,1100000
ASTON MARTIN,DBS SUPERLEGGERA,V12,"5,204 cc",340,Petrol,2,900,715,3.4,316000
ASTON MARTIN,DB11,V12,"5,204 cc",322,Petrol,4,700,600,3.9,208000
ASTON MARTIN,VANTAGE ,V8,"3,996 cc",313,Petrol,2,685,503,3.6,142000
ASTON MARTIN,DBX,V8,"3,996 cc",291,Petrol,5,700,542,4.5,189000
ASTON MARTIN,RAPIDE AMR,V12,"5,935 cc",328,Petrol,4,630,580,4.2,240000
ASTON MARTIN,VANQUISH,V12,"5,935 cc",324,Petrol,2,630,580,3.6,294000
ASTON MARTIN,LAGONDA TARAF,V12,"5,935 cc",314,Petrol,4,630,540,4.2,1100000
ASTON MARTIN,VICTOR,V12,"5,204 cc",320,Petrol,2,821,836,2.8,1300000
LAMBORGHINI,SIAN,V12,"6,498 cc",350,Hybrid,2,720,819,2.8,2800000
LAMBORGHINI,AVENTADOR SVJ,V12,"6,498 cc",350,Petrol,2,720,759,2.8,518000
LAMBORGHINI,HURACAN PERFORMANTE,V10,"5,204 cc",325,Petrol,2,600,640,2.9,274000
LAMBORGHINI,HURACAN EVO,V10,"5,204 cc",325,Petrol,2,600,640,2.9,261000
LAMBORGHINI,AVENTADOR SV,V12,"6,498 cc",350,Petrol,2,690,740,2.8,493000
LAMBORGHINI,URUS ,V8,"3,996 cc",305,Petrol,5,850,641,3.6,211000
LAMBORGHINI,HURACAN SPYDER,V10,"5,204 cc",325,Petrol,2,600,610,3.4,287000
LAMBORGHINI,AVENTADOR ROADSTER,V12,"6,498 cc",350,Petrol,2,690,700,3,445000
LAMBORGHINI,HURACAN  PERFORMANTE SPYDER,V10,"5,204 cc",325,Petrol,2,600,640,3.1,308000
LAMBORGHINI,AVENTADOR S,V12,"6,498 cc",350,Petrol,2,690,740,2.9,421000
LAMBORGHINI,HURACAN EVO SPYDER,V10,"5,204 cc",325,Petrol,2,600,640,3.1,287000
LAMBORGHINI,URUS PERFORMANTE,V8,"3,996 cc",305,Petrol,5,850,641,3.3,242000
LAMBORGHINI,AVENTADOR ULTIMAE,V12,"6,498 cc",355,Petrol,2,720,769,2.8,545000
LAMBORGHINI,HURACAN EVO RWD,V10,"5,204 cc",325,Petrol,2,560,610,3.3,258000
LAMBORGHINI,AVENTADOR SVJ ROADSTER,V12,"6,498 cc",350,Petrol,2,720,759,2.9,573000
LAMBORGHINI,URUS S,V8,"3,996 cc",305,Petrol,5,850,671,3.3,263000
LAMBORGHINI,HURACAN STO,V10,"5,204 cc",325,Petrol,2,565,640,3,327000
LAMBORGHINI,AVENTADOR LP 780-4 ULTIMATE,V12,"6,498 cc",355,Petrol,2,720,769,2.8,545000
LAMBORGHINI,HURACAN EVO RWD SPYDER,V10,"5,204 cc",325,Petrol,2,600,610,3.3,273000
LAMBORGHINI,AVENTADOR SVJ XAGO,V12,"6,498 cc",350,Petrol,2,720,759,2.9,603000
LAMBORGHINI,URUS GRAPHITE CAPSULE,V8,"3,998 cc",305,Petrol,5,850,641,3.3,253000
LAMBORGHINI,HURACAN STO EVO,V10,"5,204 cc",325,Petrol,2,565,640,3,342000
LAMBORGHINI,AVENTADOR LP 780-4 ULTIMATE ROADSTER,V12,"6,498 cc",355,Petrol,2,720,769,2.8,573000
ROLLS ROYCE ,GHOST,V12,"6,592 cc",250,Petrol,5,850,591,4.8,332000
ROLLS ROYCE,WRAITH,V12,"6,592 cc",250,Petrol,4,870,624,4.4,330000
ROLLS ROYCE,DAWN,V12,"6,592 cc",250,Petrol,4,870,624,4.9,360000
ROLLS ROYCE,CULLINAN,V12,"6,749 cc",250,Petrol,5,850,563,5.2,325000
ROLLS ROYCE,PHANTOM EXTENDED,V12,"6,749 cc",250,Petrol,5,900,563,5.3,500000
ROLLS ROYCE,GHOST EXTENDED,V12,"6,592 cc",250,Petrol,5,850,591,4.8,370000
ROLLS ROYCE,WRAITH BLACK BADGE,V12,"6,592 cc",250,Petrol,4,870,624,4.3,360000
ROLLS ROYCE,DAWN BLACK BADGE,V12,"6,592 cc",250,Petrol,4,870,624,4.8,390000
ROLLS ROYCE,CULLINAN BLACK BADGE,V12,"6,749 cc",250,Petrol,5,850,563,5.1,350000
ROLLS ROYCE,PHANTOM COUPE,V12,"6,749 cc",250,Petrol,4,870,563,5.3,450000
ROLLS ROYCE,GHOST COUPE,V12,"6,592 cc",250,Petrol,4,850,591,4.8,340000
ROLLS ROYCE,WRAITH COUPE,V12,"6,592 cc",250,Petrol,4,870,624,4.4,330000
ROLLS ROYCE,DAWN CONVERTIBLE,V12,"6,592 cc",250,Petrol,4,870,624,4.9,380000
ROLLS ROYCE,CULLINAN SUV,V12,"6,749 cc",250,Petrol,5,850,563,5.2,320000
MERCEDES,BENZ S-CLASS S 580,V8,"3,982 cc",250,Petrol,5,700,496,4.4,116000
MERCEDES,BENZ E-CLASS E 63 S,V8,"3,982 cc",250,Petrol,5,850,603,3.4,104000
MERCEDES,BENZ CLA 45 AMG,I4,1991 cc,250,Petrol,5,500,382,4.1,53000
MERCEDES,BENZ GLE 63 S,V8,"3,982 cc",250,Petrol,5,850,603,4.2,113000
MERCEDES,BENZ S-CLASS S 500,V6,"2,996 cc",250,Petrol,5,700,429,4.9,109000
MERCEDES,BENZ E-CLASS E 450 ,V6,"2,996 cc",250,Petrol,5,500,362,5.2,62000
MERCEDES,BENZ CLS 450,V6,"2,996 cc",250,Petrol,5,500,362,5.2,70000
MERCEDES,BENZ GT 53,V6,"2,996 cc",250,Petrol,5,700,429,4.5,99000
MERCEDES,BENZ GLE 450,V6,"2,996 cc",250,Petrol,5,500,362,5.5,63000
MERCEDES,BENZ A-CLASS A 45 S,I4,"1,991 cc",250,Petrol,5,500,416,3.9,53000
MERCEDES,BENZ C-CLASS C 43,V6,"2,996 cc",250,Petrol,5,520,402,4.7,52000
MERCEDES,BENZ E-CLASS E 350,I4,"1,991 cc",250,Petrol,5,500,255,5.7,49000
MERCEDES,BENZ GLE 350 ,I4,"1,991 cc",250,Petrol,5,500,255,6.1,53000
MERCEDES,BENZ GLC 43,V6,"2,996 cc",250,Petrol,5,520,402,4.7,54000
MERCEDES,BENZ GLA 45,I4,"1,991 cc",250,Petrol,5,500,382,4.3,48000
MERCEDES,BENZ GLC 350 ,I4,"1,991 cc",250,Petrol,5,500,255,6.1,46000
MERCEDES,BENZ GLE 53,V6,"2,996 cc",250,Petrol,5,620,429,5.2,71000
MERCEDES,BENZ S-CLASS S 350,I4,"1,991 cc",250,Petrol,5,500,255,6.5,90000
MERCEDES,BENZ EQS 53,ELECTRIC MOTOR,107.8 Kwh,250,Electric,5,950,751,3.4,102000
MERCEDES,BENZ MAYBACH S 680,V12,"5,980 cc",250,Petrol,5,1000,630,4.7,200000
BMW,M5 CS,V8,"4,395 cc",305,Petrol,5,750,627,3,142000
BMW,M4 GTS,I6,"2,993 cc",305,Petrol,4,600,493,3.7,133000
BMW,M3 COMPETITION,I6,"2,993 cc",285,Petrol,5,650,503,3.5,76000
BMW,M2 CS,I6,"2,993 cc",280,Petrol,4,550,444,4,83000
BMW,X5 M COMPETITION,V8,"4,935 cc",285,Petrol,5,750,523,4.1,114000
BMW,X3 M COMPETITION,I6,"2,993 cc",285,Petrol,5,650,503,4.1,69000
BMW,M8 GRAN COUPE,V8,"4,395 cc",305,Petrol,5,750,523,3.3,146000
BMW,M850i DRIVE COUPE,V8,"4,935 cc",285,Petrol,4,750,523,3.7,108000
ROLLS ROYCE,DAWN BLACK BADGE VOLANTE,V12,"6,592 cc",250,Petrol,4,840,563,4.8,398000
ROLLS ROYCE,CULLINAN BLACK BADGE SUV,V12,"6,749 cc",250,Petrol,5,850,563,5.1,381000
ROLLS ROYCE,PHATOM TRANQUILITY,V12,"6,749 cc",250,Petrol,5,900,563,5.3,475000
ROLLS ROYCE,GHOST ZENITH,V12,"6,749 cc",250,Petrol,5,900,563,4.9,335000
ROLLS ROYCE,WRAITH EAGLE VIII,V12,"6,592 cc",250,Petrol,4,800,623,4.5,349000
ROLLS ROYCE,PHATOM ORCHID,V12,"6,749 cc",250,Petrol,5,900,563,5.3,495000
ROLLS ROYCE,GHOST AZURE,V12,"6,749 cc",250,Petrol,5,900,563,4.9,355000
ROLLS ROYCE,WRAITH KRYPTOS,V12,"6,592 cc",250,Petrol,4,800,623,4.5,369000
ROLLS ROYCE,DAWN SILVER BULLET,V12,"6,592 cc",250,Petrol,4,840,563,4.8,418000
ROLLS ROYCE,CULLINAN FUX ORANGE,V12,"6,749 cc",250,Petrol,5,850,563,5.1,401000
ROLLS ROYCE,PHANTOM CELESTIAL,V12,"6,749 cc",250,Petrol,5,900,563,5.3,515000
ROLLS ROYCE,GHOST MYSORE,V12,"6,749 cc",250,Petrol,5,900,563,4.9,375000
ROLLS ROYCE,WRAITH LUMINARY,V12,"6,592 cc",250,Petrol,4,800,623,4.5,389000
ROLLS ROYCE,DAWN BLACK BADGE ADAMAS,V12,"6,592 cc",250,Petrol,4,840,563,4.8,439000
ROLLS ROYCE,CULLINAN RED DIAMOND,V12,"6,749 cc",250,Petrol,5,850,563,5.1,421000
AUDI,R8 V10 PLUS,V10,"5,204 cc",330,Petrol,2,560,610,3.2,194000
AUDI,RS7 SPORTBACK,V8,"3,993 cc",305,Petrol,5,800,591,3.6,114000
AUDI,S8,V8,"3,993 cc",305,Petrol,5,800,563,4.3,101000
AUDI,RS6 AVANT,V8,"3,993 cc",305,Petrol,5,800,591,3.6,109000
AUDI,S7 SPORTBACK,V8,"3,993 cc",305,Petrol,5,650,563,4.3,96000
AUDI,A8,V6,"2,995 cc",250,Petrol,5,600,335,5.7,86000
AUDI,S5 COUPE,V6,"2,995 cc",250,Petrol,4,500,349,4.8,64000
AUDI,SQ5,V6,"2,995 cc",250,Petrol,5,500,349,5.4,62000
AUDI,S4 SEDAN,V6,"2,995 cc",250,Petrol,5,500,349,4.7,59000
AUDI,S3 SEDAN,I4,"1,984 cc",250,Petrol,5,400,306,4.8,52000
AUDI,Q7,V6,"2,995 cc",250,Petrol,7,600,335,6.3,60000
AUDI,Q5,I4,"1,984 cc",240,Petrol,5,500,248,6.3,43000
AUDI,A7,V6,"2,995 cc",250,Petrol,5,600,335,5.7,68000
AUDI,A6,V6,"2,995 cc",250,Petrol,5,600,335,5.7,58000
AUDI,A5 COUPE,I4,"1,984 cc",240,Petrol,4,500,248,6.3,45000
AUDI,A4,I4,"1,984 cc",240,Petrol,5,400,248,6.5,39000
AUDI,Q3,I4,"1,984 cc",230,Petrol,5,400,248,7.3,35000
AUDI,E-TRON,ELECTRIC ,95 kwh,200,Electric,5,664,402,5.5,75000
AUDI,E-TRON SPORTBACK,ELECTRIC,95 kwh,200,Electric,5,664,402,5.5,78000
AUDI,TT COUPE,I4,"1,984 cc",250,Petrol,2,400,248,5.3,49000
BMW,I8 ROADSTER,ELECTRIC MOTOR,11.6 kwh,250,Hybrid,2,570,369,4.4,165000
BMW,330i,I4,"1,998 cc",250,Petrol,5,400,255,5.6,45000
BMW,M340i XDRIVE,I6,"2,998 cc",250,Petrol,5,500,382,4.1,57000
BMW,430i COUPE,I4,"1,998 cc",250,Petrol,4,400,255,5.8,48000
BMW,M4 COMPETITION,I6,"2,993 cc",290,Petrol,4,650,503,3.8,81000
BMW,530i,I4,"1,998 cc",250,Petrol,5,400,248,5.9,57000
BMW,M550i XDRIVE,V8,"4,395 cc",250,Petrol,5,650,523,3.6,78000
BMW,118i,I3,"1,499 cc",213,Petrol,5,220,136,8.5,32000
BMW,128ti,I4,"1,998 cc",250,Petrol,5,400,261,6.1,42000
BMW,M135i XDRIVE,I4,"1,998 cc",250,Petrol,5,450,302,4.8,30000
BMW,116D,I3,"1,496 cc",200,Diesel,5,280,116,10.3,30000
BMW,120D XDRIVE,I4,"1,995 cc",230,Diesel,5,400,190,6.9,38000
BMW,116i,I3,"1,499 cc",200,Petrol,5,200,109,10.9,28000
BMW,118D,I4,"1,995 cc",216,Diesel,5,380,150,8.4,34000
BMW,120i,I4,"1,998 cc",230,Petrol,5,300,178,7.1,37000
BMW,125i,I4,"1,998 cc",240,Petrol,5,400,224,6.1,42000
BMW,114D,I3,"1,496 cc",185,Diesel,5,270,95,12.2,27000
BMW,114i,I4,"1,598 cc",195,Petrol,5,200,102,11.2,26000
BMW,125D,I4,"1,995 cc",240,Diesel,5,400,224,6.3,44000
BMW,118i XDRIVE,I3,"1,499 cc",211,Petrol,5,250,136,8.9,34000
BMW,116D EFFICIENTDYNAMICS,I3,"1,496 cc",200,Diesel,5,270,116,10.9,30000
BMW,118i SPORTLINE,I3,"1,499 cc",213,Petrol,5,250,136,8.5,35000
BMW,118i M SPORT,I3,"1,499 cc",213,Petrol,5,250,136,8.5,37000
BMW,120i M SPORT,I4,"1,998 cc",230,Petrol,5,300,178,7.1,39000
BMW,116i EFFICIENTDYNAMICS,I4,"1,598 cc",195,Petrol,5,200,109,10.9,29000
BMW,116D ADVANTAGE,I3,"1,496 cc",200,Diesel,5,270,116,10.5,31000
BMW,120D EFFICIENTDYNAMICS,I4,"1,995 cc",225,Diesel,5,400,163,7.7,39000
BMW,118i SHADOW LINE,I3,"1,499 cc",213,Petrol,5,250,136,8.5,36000
BMW,118D SPORT LINE,I4,"1,995 cc",216,Diesel,5,380,150,8.4,36000
BMW,120i XDRIVE,I4,"1,998 cc",230,Petrol,5,300,178,7.2,40000
BMW,114D SPORT LINE,I3,"1,496 cc",185,Diesel,5,270,95,12.2,28000
BMW,118i URBAN LINE,I3,"1,499 cc",213,Petrol,5,250,136,8.5,35000
VOLVO,XC90,I6,"1,969 cc",200,Petrol/Diesel,7,400,247,6.5,60000
VOLVO,XC60,I6,"1,969 cc",220,Petrol/Diesel,5,400,247,6.4,55000
VOLVO,S90,I6,"1,969 cc",250,Petrol/Diesel,5,400,295,5.9,60000
KIA,SPORTAGE LX,I4,"2,480 cc",200,Petrol,5,250,187,8,27000
KIA,SPORTAGE EX,I4,"2,480 cc",200,Petrol,5,250,187,8,30000
KIA,SPORTAGE GT-LINE,I4,"2,480 cc",200,Petrol,5,350,187,8,32000
KIA,SPORTAGE SX TURBO,I4,"1,998 cc",210,Petrol,5,400,240,6.7,36000
KIA,SPORTAGE NIGHTFALL EDITION,I4,"2,480 cc",200,Petrol,5,350,187,8,33000
HONDA,CIVIC TYPE R,I4,"1,996 cc",272,Petrol,5,400,315,5.7,44000
KIA,SPORTAGE PHEV,I4 + ELECTRIC,"1,600 cc / 13.8 kwh",180,Plug-in Hybrid,5,350,261,8,41000
KIA,SPORTAGE 2024(BASE MODEL),I4,"2,480 cc",200,Petrol,5,250,187,8,26000
KIA,SPORTAGE 2024(TOP TRIM),I4,"1,998 cc",210,Petrol,5,400,240,6.7,38000
KIA,SPORTAGE 2024(BASE AWD),I4,"2,480 cc",200,Petrol/AWD,5,250,187,8.3,29000
KIA,SPORTAGE X-LINE,I4,"2,480 cc",200,Petrol,5,350,187,8,32500
KIA,SPORTAGE 2024(S TRIM),I4,"2,480 cc",200,Petrol,5,250,187,8.2,28000
HONDA,ACCORD,I4,"1,498 cc",201,Petrol,5,370,192,7.1,29400
KIA,SPORTAGE 2024(HYBRID AWD),I4 + ELECTRIC,"1,600 cc / 1.49 kwh",180,Hybrid,5,350,227,8,37000
KIA,SPORTAGE 2024(PLUG-IN HYBRID AWD),I4 + ELECTRIC,"1,598 cc / 13.8 kwh",180,Plug-in Hybrid,5,350,261,7.9,42000
KIA,SPORTAGE 2024(X-PRO),I4,"2,480 cc",200,Petrol,5,400,187,8.1,36000
KIA,SPORTAGE 2024(X-PRO PRESTIGE),I4,"2,480 cc",200,Petrol,5,400,187,8.1,38000
KIA,SPORTAGE 2024(SX TURBO AWD),I4,"1,998 cc",210,Petrol/AWD,5,400,240,6.5,40000
KIA  ,SPORTAGE 2024(BASE FWD),I4,"2,480 cc",200,Petrol,5,250,187,8.5,26500
HONDA,CR-V,I4,"1,498 cc",186,Petrol/Hybrid,5,400,190,8.2,30000
HONDA,PILOT,V6,"3,471 cc",209,Petrol,8,360,285,6.3,40000
HONDA,CIVIC HATCHBACK,I4,"1,498 cc",220,Petrol,5,300,180,6.8,26350
TOYOTA,CAMRY,V6,"3,500 cc",220,Petrol/Hybrid,5,250,301,6,27000
TOYOTA,COROLLA,I4,"1,798 cc",180,Petrol/Hybrid,5,200,139,9.4,22500
TOYOTA,PRIUS,I4,"1,798 cc",180,Hybrid,5,142,121,10.5,26700
TOYOTA,RAV4,I4,"2,494 cc",200,Petrol/Hybrid,5,400,203,8.1,27100
TOYOTA,HIGHLANDER,V6,"3,456 cc",220,Petrol/Hybrid,7,370,295,7.2,38400
TOYOTA,4RUNNER ,V6,"3,956 cc",200,Petrol,5,400,270,7.5,37400
TOYOTA,TACOMA,I4,"2,694 cc",180,Petrol,5,400,159,9.5,26400
TOYOTA,TUNDRA,V8,"5,663 cc",220,Petrol,5,650,381,6.7,39900
TOYOTA,AVALON,V6,"3,456 cc",220,Petrol,5,400,301,6.9,41400
TOYOTA,MIRAI,I4,"1,798 cc",180,Hydrogen,5,335,151,9.2,52400
TOYOTA,SIENNA,V6,"2,494 cc",190,Petrol/Hybrid,7,360,245,8,44150
TOYOTA,VENZA,I4,"2,494 cc",200,Hybrid,5,400,219,7.5,33400
TOYOTA,HIGHLANDER HYBRID,V6,"3,456 cc",220,Hybrid,7,350,240,8.2,40400
TOYOTA,LAND CRUISER PRADO,V6,"3,956 cc",200,Petrol/Diesel,7,450,282,7.2,49400
TOYOTA,TUNDRA HYBRID,V6,"3,456 cc",220,Hybrid,5,650,344,6.2,43400
TOYOTA,YARIS,I4,"1,496 cc",180,Petrol,5,150,106,11.2,18400
TOYOTA,C-HR,I4,"1,986 cc",200,Petrol/Hybrid,5,250,144,10.2,24400
TOYOTA,BZ4X,ELECTRIC,"64.8 kwh (Base Model),72.8 kwh (Higher End Model",200,Electric,5,330,218,7.5,43400
TOYOTA,CROWN,HYBRID,"2,494 cc",200,Hybrid,5,400,236,7.6,38400
TOYOTA,MR2,I4,"1,986 cc",200,Petrol,2,400,168,6.9,29000
TOYOTA,CELICA,I4,"1,986 cc",200,Petrol,5,250,140,8.5,25000
HONDA,CITY,I4,"1,497 cc",180,Petrol/Hybrid,5,145,119,10.2,15400
HONDA,CIVIC,I4,"1,996 cc",200,Petrol,5,400,158,8.5,20400
HYUNDAI,I10,"1.2L,4-CYLINDER,INLINE-4(I4)","1,197 cc",160,Petrol,5,120,87,12.2,12400
HYUNDAI,I20,"1.4L,4-CYLINDER,INLINE-4(I4)","1,396 cc",180,Petrol/Hybrid,5,250,99,10.5,15400
HYUNDAI,ELANTRA,"2.0L,4-CYLINDER,INLINE-4(I4)","1,999 cc",200,Petrol/Hybrid,5,250,147,9.5,18400
MAHINDRA,XUV500,"2.2L,4-CYLINDER,INLINE-4(I4)","2,179 cc",180,Diesel,7,400,155,10.5,18400
MAHINDRA,SCORPIO,"2.2L,4-CYLINDER,INLINE-4(I4)","2,179 cc",160,Diesel,7,280,140,11.2,16400
MAHINDRA,THAR,"2.0L,4-CYLINDER,INLINE-4(I4)","1,997 cc",180,Petrol/Diesel,4,320,150,10.5,20400
MARUTI SUZUKI,SWIFT,"1.2L,4-CYLINDER,INLINE-4(I4)","1,197 cc",160,Petrol,5,113,83,12.2,10400
MARUTI SUZUKI,DZIRE,"1.2L,4-CYLINDER,INLINE-4(I4)","1,197 cc",160,Petrol/Diesel,5,113,83,12.2,11400
MARUTI SUZUKI,BREZZA,"1.5L,4-CYLINDER,INLINE(I4)","1,462 cc",180,Petrol,5,200,103,11.5,14400
TOYOTA,PRIUS PRIME,"2.0L,4-CYLINDER,WITH HYBRID SYSTEM","1,998 cc",180,Plug-in Hybrid,5,220,220,6.7,31100
TOYOTA,GR COROLLA,"1.6L,TURBOCHARGED INLINE-3","1,618 cc",230,Petrol,5,370,300,5,36995
TOYOTA,LAND CRUISER 300,"3.3L,V6,TWIN TURBO DIESEL","3,346 cc",210,Petrol/Diesel,7,650,305,6.8,58500
TOYOTA,TUNDRA I-FORCE MAX,"3.5L,V6,HYBRID TWIN-TURBO","3,445 cc",180,Hybrid,5,750,437,6.2,56000
TOYOTA,COROLLA HATCHBACK XSE,"2.0L,INLINE-4","1,987 cc",190,Petrol,5,250,169,8.2,25390
TOYOTA,MIRAI,"HYDROGEN FUEL CELL,ELECTRIC MOTOR",1.24 kwh,180,Hydrogen,5,335,152,9,49500
TOYOTA,HILUX GR SPORT,"2.8L,TURBO,DIESEL","2,755 cc",170,Petrol/Diesel,5,500,224,10,50000
TOYOTA,ALPHARD EXECUTIVE LOUNGE,"2.5L,INLINE-4,HYBRID / 3.5L,V6","2,494 cc / 3,456 cc",180,Petrol,7,400,296,8.5,60000
TOYOTA,FORTUNER GR SPORT,"2.8L,TURBO,DIESEL","2,755 cc",175,Diesel/Petrol,7,500,204,10.5,55000
TOYOTA,INNOVA HYCROSS,2.0L HYBRID,"1,987 cc",165,Hybrid,7,250,184,9.5,40000
TOYOTA,URBAN CRUISER TAISOR,"1.5L,HYBRID","1,490 cc",170,Petrol,5,130,114,11,25000
TOYOTA,AYGO X,"1.0L,INLINE-3",998 cc,160,Petrol,4,93,71,14.8,18000
TOYOTA,HILUX REVO ROCCO,"2.8L,TURBO,DIESEL","2,755 cc",175,Diesel,5,500,204,10,50000
TOYOTA,PROACE VERSO ELECTRIC,ELECTRIC MOTOR,75 KWH,130,Electric,7,280,136,13.5,55000
TOYOTA,CENTURY SUV,"3.5L,V6,PLUG IN HYBRID","3,456 cc",200,Petrol,5,500,406,6,170000
TOYOTA,COROLLA SEDAN HYBRID,"1.8L,HYBRID","1,798 cc",180,Hybrid,5,300,134,10,24000
TOYOTA,BZ3,ELECTRIC MOTOR,65 KWH,160,Electric,5,340,241,7.5,35000
TOYOTA,GR YARIS,"1.6L,TURBOCHARGED INLINE-3","1,618 cc",230,Petrol,4,390,268,5.5,45000
HYUNDAI,SANTA FE,1.6L PETROL + PLUG IN HYBRID SYSTEM,"1,600 cc",180,Petrol/Hybrid,7,420,253,9.3,50000
HYUNDAI,IONIQ 5,ELECTRIC MOTOR,72.6 KWH,185,Electric,5,350,225,7.4,41000
HYUNDAI,Santa Cruz,2.5L Turbocharged Inline-4,"2,500 cc",215,Petrol,5,400,281,6.5,40799
HYUNDAI,Kona,1.6L PETROL ,"1,591 cc",185,Petrol/EV,5,400,147,10,20500
HYUNDAI,Elantra,2.0L Inline-4,"2,000 cc",210,Petrol/Hybrid,5,250,147,8.3,19950
Nissan,Urvan,2.5L Turbo Diese,2488 cc,140,Diesel,15,356,2488,14,28000
HYUNDAI,IONIQ 6,Electric Motor,53.6 kwh(Standard Range) / 77.4 kwh(Long Range),185,Electric,5,350,320,5.2,41450
HYUNDAI,Tucson,2.5L Inline-4,"2,500 cc",180,Petrol/Hybrid,5,400,187,6.1,30500
HYUNDAI,Palisade,3.8L V6,"3,800 cc",240,Petrol,7,355,291,6.3,52000
HYUNDAI,Sonata,2.5L Inline-4,"2,500 cc",240,Petrol/Hybrid,5,250,191,8,25000
HYUNDAI,Accent,1.6L Inline-4,"1,600 cc",180,Petrol,5,151,120,9.8,15000
HYUNDAI,Venue,1.6L Inline-4,"1,600 cc",180,Petrol,5,240,121,9.5,18000
HYUNDAI,KONA Electric,Electric Motor,39.2 kwh,200,Electric,5,395,200,6.1,40000
HYUNDAI,Veloster,2.0L Inline-4,"2,000 cc",220,Petrol,4,264,275,6,25000
HYUNDAI,NEXO,Electric Motor,1.56 kwh,180,Hydrogen,5,400,161,7.8,38000
HYUNDAI,Ioniq,1.6L Inline-4,"1,600 cc",160,Hybrid/Electric,5,295,139,8.5,18000
HYUNDAI,Genesis,3.8L V6,"3,800 cc",240,Petrol,5,400,291,6.3,52000
HYUNDAI,Azera,3.3L V6,"3,300 cc",240,Petrol,5,250,278,6.5,55000
HYUNDAI,Equus,3.3L V6,"3,300 cc",240,Petrol,5,400,278,6.5,55000
HYUNDAI,Tiburon,2.0L Inline-4,"2,000 cc",200,Petrol,4,320,160,8.2,19000
HYUNDAI,Elantra GT,1.6L Turbo GDI 4-cylinder,"2,000 cc",200,Petrol,5,320,160,8.3,22000
Volkswagen,Golf,1.5L Turbo I4 / Electric,1498 cc / 40 - 58 kWh,210,Petrol,5,250,110,8.5,23000
Volkswagen,Passat,2.0L Turbo I4,1984 cc,210,Petrol,5,250,150,7.8,25000
Volkswagen,Tiguan,2.0L Turbo I4,1984 cc,209,"Petrol, Hybrid",7,300,150,8.5,28505
Volkswagen,Jetta,1.5L Turbo I4,1498 cc,210,Petrol,5,250,150,7.7,21995
Volkswagen,Polo,1.0L Turbo I3 / 1.6L Diesel,999 cc / 1598 cc,190,Petrol,5,175,80,9.5,18000
Volkswagen,Arteon,2.0L Turbo I4,1984 cc,250,Petrol,5,350,150,5.6,46000
Volkswagen,ID.4,Electric,77 kWh,160,Electric,5,310,201,7.8,39735
Volkswagen,Up!,Electric,32.3 kWh,160,Petrol,4,95,82,13,15000
Volkswagen,Touareg,3.0L V6 Turbo Diesel / 4.0L V8,2967 cc / 3956 cc,235,"Petrol, Diesel",5,600,231,5.9,55000
Volkswagen,Scirocco,2.0L Turbo I4,1984 cc,233,Petrol,4,350,125,6,35000
Volkswagen,Beetle,2.0L Turbo I4,1984 cc,205,Petrol,4,240,105,7,20000
Volkswagen,Amarok,3.0L V6 Turbo Diesel,2967 cc,180,Diesel,5,550,163,7.9,40000
Volkswagen,T-Roc,2.0L Turbo I4,1984 cc,205,Petrol,5,320,115,7.2,30000
Volkswagen,Sharan,2.0L Turbo I4,1984 cc,200,"Petrol, Diesel",7,280,150,9.3,33000
Volkswagen,Caddy,1.5L Turbo I4,1498 cc,185,"Petrol, Diesel",7,250,102,10.5,28000
Nissan,NV1500,4.0L V6,3954 cc,160,Petrol,12,385,261,9.5,33000
Volkswagen,Taigo,1.5L Turbo I4,1498 cc,183,Petrol,5,200,95,10,24000
Volkswagen,California,2.0L Turbo I4,1984 cc,180,Diesel,7,340,150,13,70000
Volkswagen,ID.3,Electric,77 kWh,160,Electric,5,310,204,7.3,35000
Volkswagen,ID. Buzz,Electric,77 kWh,145,Electric,7,310,204,10.2,59995
Volkswagen,Golf GTI,2.0L Turbo I4,1984 cc,250,Petrol,5,350,245,5.9,31965
Volkswagen,Golf R,2.0L Turbo I4,1984 cc,250,Petrol,5,420,315,4.6,44640
Volkswagen,Passat Alltrack,2.0L Turbo Diesel I4,1968 cc,220,Diesel,5,400,190,7.8,36000
Volkswagen,Polo GTI,2.0L Turbo I4,1984 cc,238,Petrol,5,320,204,6.7,28000
Volkswagen,Up! GTI,1.0L Turbo I3,999 cc,196,Petrol,4,200,115,8.8,20000
Volkswagen,T-Cross,1.0L Turbo I3 / 1.5L Turbo I4,999 cc / 1498 cc,200,Petrol,5,250,95,10.2,25000
Volkswagen,ID.5,Electric,77 kWh,180,Electric,5,310,174,8.4,45000
Volkswagen,ID. Buzz Cargo,Electric,77 kWh,145,Electric,3,310,204,10.2,55000
Volkswagen,Touareg R,Plug-in Hybrid V6,2995 cc,250,Hybrid,5,700,462,5.1,70000
Volkswagen,Multivan,Plug-in Hybrid / Diesel I4,1395 cc / 1968 cc,190,"Petrol, Hybrid",7,350,150,9.4,50000
Volkswagen,Polo BlueMotion,1.2L Diesel I3,1199 cc,190,Diesel,5,250,75,10.5,22000
Volkswagen,Golf Sportsvan,1.5L Turbo I4,1498 cc,210,Petrol,5,250,130,8.9,30000
Volkswagen,Golf Alltrack,2.0L Turbo Diesel I4,1968 cc,210,Petrol,5,350,147,7.1,35000
Volkswagen,Scirocco R,2.0L Turbo I4,1984 cc,250,Petrol,4,350,280,5.5,40000
Volkswagen,Tiguan Allspace,2.0L Turbo I4,1984 cc,215,Petrol,7,320,184,7.6,35000
Volkswagen,Arteon 4MOTION,2.0L Turbo I4,1984 cc,250,Petrol,5,350,190,5.6,48000
Volkswagen,ID.4 GTX,Electric AWD,77 kWh,180,Electric,5,460,299,6.2,50000
Volkswagen,ID.3 Pro,Electric,58 kWh,160,Electric,5,310,204,7.3,35000
Volkswagen,Golf Variant,1.5L Turbo I4 / 2.0L Diesel I4,1498 cc / 1968 cc,220,Petrol,5,320,130,7.5,32000
Volkswagen,Crafter,2.0L Turbo Diesel I4,1968 cc,160,Diesel,3,410,102,13,40000
Volkswagen,Lupo,1.4L I3 Gas / 1.2L Diesel I3,1390 cc / 1199 cc,170,Petrol,4,120,60,14.3,15000
Volkswagen,Corrado,2.9L VR6,2861 cc,235,Petrol,4,245,190,6.4,25000
Volkswagen,Phaeton,3.0L V6 Diesel / 6.0L W12 Gas,2967 cc / 5998 cc,250,Petrol,5,560,240,6.1,85000
Volkswagen,Golf Cabriolet,1.2L I4 Turbo / 2.0L I4 Turbo,1197 cc / 1984 cc,217,Petrol,4,200,105,8.4,30000
Volkswagen,Santana,1.5L I4 Gas,1498 cc,190,Petrol,5,145,110,12.9,15000
Volkswagen,Polo Vivo,1.4L I4 Gas / 1.6L I4 Gas,1390 cc / 1598 cc,170,Petrol,5,132,85,10.8,14000
Volkswagen,Karmann Ghia,1.2L I4 Gas,1192 cc,138,Petrol,2,106,34,23,25000
Volkswagen,Fox,1.2L I4 Gas / 1.4L I4 Gas,1198 cc / 1390 cc,148,Petrol,5,93,55,17.5,12000
Volkswagen,Vento,1.6L I4 Gas / Diesel,1598 cc,186,Petrol,5,153,105,11.7,18000
Volkswagen,Golf Electric,Electric,35.8 kWh,140,Electric,5,290,136,10.4,33000
Volkswagen,Bora,1.6L I4 Gas / 1.9L I4 Diesel,1598 cc / 1896 cc,200,Petrol,5,220,100,9.4,20000
Volkswagen,Teramont,2.0L I4 Turbo / 3.6L V6 Gas,1984 cc / 3597 cc,190,Petrol,7,350,235,8.6,32000
Volkswagen,Taos,1.5L I4 Turbo,1498 cc,193,Petrol,5,250,158,8.4,24000
Volkswagen,Up! Cabriolet,1.0L I3 Turbo,999 cc,160,Petrol,4,95,82,12.4,18000
Volkswagen,T-Roc Cabriolet,1.0L I3 Turbo / 1.5L I4 Turbo,999 cc / 1498 cc,205,Petrol,4,250,115,9.6,35000
Volkswagen,Passat CC,2.0L I4 Turbo,1984 cc,240,Petrol,5,280,200,7.3,40000
Volkswagen,Transporter,2.0L I4 Turbo Diesel,1968 cc,180,Diesel,9,340,102,12.2,35000
Volkswagen,Amarok V6,3.0L V6 Turbo Diesel,2967 cc,191,Diesel,5,580,204,7.9,45000
Volkswagen,ID.2,Electric,50 kWh (Estimate),160,Electric,5,220,170,8,25000
Volkswagen,Polo TDI,1.4L I4 Diesel / 1.6L Diesel,1390 cc / 1598 cc,190,Diesel,5,250,75,9.9,20000
Volkswagen,Golf GTE,Plug-in Hybrid (1.4L I4 Turbo),1395 cc + Electric Motor,222,Hybrid,5,350,204,7.6,40000
Volkswagen,Touareg V8,4.0L V8 Turbo Diesel,3956 cc,250,Petrol,5,770,421,4.9,70000
Volkswagen,Beetle Dune,1.4L I4 Turbo,1395 cc,200,Petrol,4,250,150,7.5,30000
Volkswagen,Passat B8,1.5L I4 Turbo / 2.0L Diesel,1498 cc / 1968 cc,210,Petrol,5,250,150,8.7,28000
Volkswagen,ID.4 Pro S,Electric,77 kWh,180,Electric,5,310,201,7.8,45000
Volkswagen,Golf Cabriolet,1.2L I4 Turbo / 2.0L I4 Turbo,1197 cc / 1984 cc,217,Petrol,4,200,105,8.4,30000
Volkswagen,Golf Country,1.8L I4 Gas,1781 cc,165,Petrol,5,170,98,12,25000
Volkswagen,Jetta GLI,2.0L I4 Turbo,1984 cc,250,Petrol,5,350,228,6.5,31000
Volkswagen,Arteon Shooting Brake,2.0L I4 Turbo,1984 cc,250,Petrol,5,420,150,5.6,50000
Volkswagen,T-Cross R-Line,1.0L I3 Turbo / 1.5L I4 Turbo,999 cc / 1498 cc,200,Petrol,5,250,115,8.5,27000
Volkswagen,Golf R32,3.2L VR6,3189 cc,250,Petrol,5,320,240,6.2,40000
Volkswagen,Passat B7,1.6L Diesel / 2.0L I4 Turbo,1598 cc / 1984 cc,220,Petrol,5,280,120,8.5,26000
Volkswagen,Scirocco 16V,1.8L I4 Gas,1781 cc,220,Petrol,4,230,137,7.1,35000
Volkswagen,Polo BlueMotion,1.2L Diesel I3,1199 cc,190,Diesel,5,210,75,10.5,20000
Volkswagen,Golf Variant GTD,2.0L Diesel I4,1968 cc,230,Diesel,5,380,184,7.5,38000
Volkswagen,Polo GTI R5,1.6L Turbocharged Rally Engine,1598 cc,200,Petrol,5,400,272,4.1,45000
Volkswagen,ID. Buzz Pro,Electric,77 kWh,145,Electric,7,310,204,10.2,60000
Volkswagen,Jetta Hybrid,1.4L I4 Turbo + Electric Motor,1395 cc,210,Hybrid,5,250,170,8.6,28000
Volkswagen,Golf Variant Alltrack,2.0L Diesel I4,1968 cc,220,Petrol,5,320,150,7.8,35000
Volkswagen,Volkswagen XL1,Plug-in Hybrid (0.8L I2 Diesel),800 cc + Electric Motor,160,Hybrid,2,140,68,11.9,150000
Volkswagen,Golf TDI,2.0L Diesel I4,1968 cc,220,Diesel,5,350,150,8,28000
Volkswagen,Passat Variant,1.5L I4 Turbo / 2.0L Diesel,1498 cc / 1968 cc,220,Petrol,5,280,150,8.5,30000
Volkswagen,Polo GTI Clubsport,2.0L I4 Turbo,1984 cc,240,Petrol,5,320,300,6.7,30000
Volkswagen,Jetta Hybrid,1.4L I4 Turbo + Electric Motor,1395 cc,210,Hybrid,5,250,170,8.6,28000
Volkswagen,ID.3 GTX,Electric,77 kWh,180,Electric,5,310,299,6.2,45000
Volkswagen,Arteon R-Line,2.0L I4 Turbo,1984 cc,250,Petrol,5,420,190,5.6,50000
Volkswagen,Golf TGI,1.5L I4 CNG,1498 cc,220,Petrol,5,200,130,8.8,30000
Volkswagen,Scirocco GTS,2.0L I4 Turbo,1984 cc,246,Petrol,4,350,220,6.5,35000
Volkswagen,Caddy Maxi,2.0L Diesel I4,1968 cc,180,Diesel,7,250,122,12,25000
Volkswagen,Volkswagen Lupo 3L,1.2L Diesel I3,1199 cc,165,Diesel,4,140,61,14.5,20000
Volkswagen,Polo Beats,1.0L I3 Turbo,999 cc,187,Petrol,5,175,95,9.5,22000
Volkswagen,Passat Hybrid,1.4L I4 Turbo + Electric Motor,1395 cc,210,Hybrid,5,330,215,7.4,32000
Volkswagen,Golf TCR,2.0L I4 Turbo,1984 cc,250,Petrol,5,370,290,5.6,40000
Volkswagen,Tiguan R-Line,2.0L I4 Turbo,1984 cc,250,Petrol,5,420,190,4.9,45000
Volkswagen,Sharan Business,2.0L Diesel I4,1968 cc,200,Diesel,7,350,150,8.3,35000
Volkswagen,ID. Buzz Cargo Pro,Electric,77 kWh,145,Electric,2,310,204,10.2,55000
Volkswagen,Arteon 280 TSI,2.0L I4 Turbo,1984 cc,250,Petrol,5,350,280,5.6,50000
Volkswagen,Jetta GLI 35th,2.0L I4 Turbo,1984 cc,250,Petrol,5,350,228,6.5,31000
Volkswagen,Beetle Final Edition,2.0L I4 Turbo,1984 cc,205,Petrol,4,250,174,7,25000
Volkswagen,Golf Variant TDI,2.0L Diesel I4,1968 cc,220,Diesel,5,350,150,7.8,30000
Volkswagen,Golf 4MOTION,2.0L Diesel I4,1968 cc,250,Petrol,5,400,150,4.9,40000
Volkswagen,Jetta SportWagen,1.4L I4 Turbo / 2.0L Diesel I4,1395 cc / 1968 cc,200,Petrol,5,250,147,8.5,27000
Volkswagen,Polo GTI Plus,2.0L I4 Turbo,1984 cc,237,Petrol,5,320,207,6.7,30000
Volkswagen,Touareg V6,3.0L V6 Turbo Diesel / Gasoline,2967 cc,235,Petrol,5,450,231,7.5,60000
Volkswagen,Tiguan eHybrid,1.4L I4 Turbo + Electric Motor,1395 cc + Battery,200,Hybrid,5,400,245,7.5,42000
Volkswagen,Up! e-up!,Electric,32.3 kWh,130,Electric,4,210,83,11.9,23000
Volkswagen,Amarok V8,4.0L V8 Turbo Diesel,3996 cc,210,Diesel,5,580,310,7.4,70000
Volkswagen,Golf R Cabriolet,2.0L I4 Turbo,1984 cc,250,Petrol,4,380,265,5.9,45000
Volkswagen,Passat Alltrack TDI,2.0L Diesel I4,1968 cc,220,Diesel,5,400,190,8,40000
Volkswagen,ID. Buzz Cargo EV,Electric,77 kWh,145,Electric,2,310,204,10.2,55000
Nissan,Versa,1.6L Inline-4,1598 cc,180,Petrol,5,154,122,10.4,16700
Nissan,Micra,1.0L Turbocharged Inline-3,999 cc,175,Petrol,5,160,100,10.8,15500
Nissan,Patrol Platinum,5.6L V8,5552 cc,210,Petrol,7,560,400,7.3,77000
Nissan,Qashqai,1.3L Turbocharged Inline-4,1332 cc,195,Petrol,5,260,156,8.9,26000
Nissan,Murano,3.5L V6,3498 cc,210,Petrol,5,325,260,7.5,39000
Nissan,Maxima Platinum,3.5L V6,3498 cc,220,Petrol,5,353,300,6.2,45000
Nissan,Armada,5.6L V8,5552 cc,210,Petrol,8,560,400,6.5,51000
Nissan,Kicks,1.6L Inline-4,1598 cc,180,Petrol,5,154,122,10.7,20000
Nissan,X-Trail,1.5L Turbocharged Inline-3,1498 cc,200,Hybrid,5,305,201,8,29000
Nissan,Z (Fairlady Z),3.0L Twin-Turbo V6,2997 cc,250,Petrol,2,475,400,4.5,40000
Nissan,Almera,1.0L Turbocharged Inline-3,999 cc,185,Petrol,5,160,100,10.7,14500
Nissan,Sylphy,1.8L Inline-4,1798 cc,190,Petrol,5,174,137,9.6,18000
Nissan,Note,1.2L Inline-3 Hybrid,1198 cc,170,Hybrid,5,150,109,11.5,16000
Nissan,Sunny,1.6L Inline-4,1598 cc,180,Petrol,5,156,118,11,15000
Nissan,Cube,1.8L Inline-4,1798 cc,175,Petrol,5,171,122,10.6,14500
Nissan,Juke,1.0L Turbocharged Inline-3,999 cc,180,Petrol,5,180,117,10.4,25000
Nissan,Terrano,1.5L Inline-4 Diesel,1461 cc,168,Diesel,5,248,110,13.5,15500
Nissan,Magnite,1.0L Turbocharged Inline-3,999 cc,160,Petrol,5,160,100,13,12000
Nissan,Xterra,4.0L V6,3954 cc,200,Petrol,7,381,261,7.8,35000
Nissan,Patrol,5.6L V8,5552 cc,210,Petrol,7,560,400,7.3,77000
Nissan,GT-R NISMO,3.8L Twin-Turbo V6,3799 cc,330,Petrol,2,652,600,2.9,220000
Nissan,370Z Roadster,3.7L V6,3696 cc,250,Petrol,2,366,332,5.5,41820
Nissan,Ariya ,Dual Electric Motors,87 kWh,200,Electric,5,600,389,5.1,58950
Nissan,Patrol Royale,5.6L V8,5552 cc,210,Petrol,7,560,400,6.6,85000
Nissan,Infiniti QX80*,5.6L V8,5552 cc,210,Petrol,7,560,400,6.5,70600
Nissan,Tiida,1.6L Inline-4,1598 cc,190,Petrol,5,154,126,10.1,14500
Nissan,Pulsar,1.2L Turbocharged Inline-4,1197 cc,190,Petrol,5,190,115,10.7,19000
Nissan,Latio,1.5L Inline-4,1498 cc,175,Petrol,5,139,102,11.5,13000
Nissan,Bluebird Sylphy,2.0L Inline-4,1997 cc,185,Petrol,5,191,133,10.5,18500
Nissan,March,1.2L Inline-3,1198 cc,170,Petrol,5,106,79,13.7,12000
Nissan,Rogue Sport,2.0L Inline-4,1997 cc,190,Petrol,5,199,141,9.8,24960
Nissan,X-Trail Hybrid,2.0L Inline-4 Hybrid,1997 cc,180,Hybrid,5,207,179,9.4,28500
Nissan,Pathfinder Rock Creek,3.5L V6,3498 cc,190,Petrol,7,351,284,7.4,42820
Nissan,Armada Platinum,5.6L V8,5552 cc,210,Petrol,8,560,400,6.5,65300
Nissan,Terrano XL,1.6L Inline-4,1598 cc,165,Petrol,5,145,104,12.5,14000
Nissan,GT-R50 by Italdesign,3.8L Twin-Turbo V6,3799 cc,315,Petrol,2,780,720,2.5,1100000
Nissan,370Z NISMO,3.7L V6,3696 cc,250,Petrol,2,374,350,5.2,45790
Nissan,Ariya E-4ORCE,Dual Electric Motors,87 kWh,200,Electric,5,600,389,5.1,60000
Nissan,Patrol NISMO,5.6L V8,5552 cc,210,Petrol,7,560,428,6.5,105000
Nissan,Infiniti Q60*,3.0L V6 Twin-Turbo,2997 cc,250,Petrol,4,400,300,5,41750
Nissan,Primera,2.0L Inline-4,1998 cc,200,Petrol,5,190,140,9.6,20000
Nissan,Skyline,3.0L V6 Twin-Turbo,2997 cc,250,Petrol,5,475,400,5,50000
Nissan,Cedric,2.0L Inline-6,1998 cc,190,Petrol,5,190,150,10.5,22000
Nissan,Gloria,2.5L V6,2498 cc,210,Petrol,5,250,210,8.6,30000
Nissan,Stanza,1.8L Inline-4,1796 cc,175,Petrol,5,170,120,11,18500
Nissan,Patrol Super Safari,4.8L Inline-6,4750 cc,190,Petrol,7,451,280,8.2,55000
Nissan,Pathfinder Hybrid,2.5L Inline-4 Hybrid,2488 cc,190,Hybrid,7,329,250,7.7,42500
Nissan,X-Terra Pro-4X,2.5L Inline-4,2498 cc,175,Petrol,7,240,190,10.8,40000
Nissan,Rogue Platinum,1.5L Turbo Inline-3,1497 cc,180,Petrol,5,300,201,8.2,38000
Nissan,Qashqai Tekna,1.3L Turbo Hybrid Inline-4,1332 cc,190,Hybrid,5,270,158,9.2,36000
Nissan,GT-R V-Spec,3.8L Twin-Turbo V6,3799 cc,330,Petrol,2,652,600,2.8,175000
Nissan,Skyline NISMO,3.0L Twin-Turbo V6,2997 cc,270,Petrol,5,475,420,4.7,55000
Nissan,Ariya Lounge Edition,Dual Electric Motors,87 kWh,200,Electric,5,600,389,5.1,63000
Nissan,Patrol Titanium,5.6L V8,5552 cc,210,Petrol,7,560,428,6.5,98000
Nissan,Infiniti FX50*,5.0L V8,5026 cc,250,Petrol,5,500,390,5.6,61750
Nissan,Avenir,2.0L Inline-4,1998 cc,180,Petrol,5,186,140,9.8,20000
Nissan,Wingroad,1.8L Inline-4,1798 cc,175,Petrol,5,168,125,10.8,18000
Nissan,Presea,1.8L Inline-4,1838 cc,170,Petrol,5,161,115,11.5,17500
Nissan,Leopard,3.0L V6,2960 cc,200,Petrol,5,265,210,8.4,32000
Nissan,Sunny NISMO Edition,1.6L Turbo Inline-4,1598 cc,200,Petrol,5,240,190,7.5,24000
Nissan,Paladin,2.4L Inline-4,2438 cc,180,Petrol,5,217,150,10.6,20000
Nissan,Hardbody SUV,2.5L Inline-4,2498 cc,175,Petrol,5,225,158,11,18500
Nissan,Patrol Desert Edition,5.6L V8,5552 cc,210,Petrol,7,560,428,6.5,95000
Nissan,Pathfinder Armada,5.6L V8,5552 cc,200,Petrol,7,560,400,6.5,60000
Nissan,Rogue Midnight Edition,1.5L Turbo Inline-3,1497 cc,180,Petrol,5,300,201,8.2,39000
Nissan,GT-R Black Edition,3.8L Twin-Turbo V6,3799 cc,330,Petrol,2,652,600,2.8,185000
Nissan,Fairlady Z Heritage,3.0L Twin-Turbo V6,2997 cc,250,Petrol,2,475,400,4.2,48000
Nissan,Skyline GT-R R34,2.6L Twin-Turbo Inline-6,2568 cc,250,Petrol,4,392,276,5.6,70000
Nissan,Ariya Premiere,Dual Electric Motors,87 kWh,200,Electric,5,600,389,5.1,67000
Nissan,Infiniti QX55*,2.0L VC-Turbo Inline-4,1997 cc,230,Petrol,5,380,268,6.5,50000
Nissan,NV350 Caravan,2.5L Inline-4 Diesel,2488 cc,155,Diesel,8,356,129,12.5,28000
Nissan,Navara,2.3L Inline-4 Diesel,2298 cc,180,Diesel,5,450,190,10.2,32000
Nissan,Titan XD,5.6L V8,5552 cc,195,Petrol,6,560,400,6.9,55000
Nissan,Evalia,1.5L Inline-4 Diesel,1461 cc,140,Diesel,7,200,85,15,25000
Nissan,Cabstar,2.5L Inline-4 Diesel,2488 cc,145,Diesel,3,350,130,14.8,27000
Nissan,Cherry,1.4L Inline-4,1397 cc,145,Petrol,5,110,67,14,14000
Nissan,Laurel,2.8L Inline-6 Diesel,2825 cc,160,Diesel,5,184,94,12.5,22000
Nissan,Silvia,2.0L Turbo Inline-4,1998 cc,235,Petrol,4,275,247,5.9,45000
Nissan,NX Coupe,2.0L Inline-4,1998 cc,200,Petrol,4,180,140,9,22000
Nissan,AD Wagon,1.5L Inline-4,1498 cc,165,Petrol,5,150,105,12.3,16000
Nissan,Patrol Super Safari Y61,4.8L Inline-6,4750 cc,190,Petrol,7,451,280,8.2,58000
Nissan,Pathfinder Rock Creek Edition,3.5L V6,3498 cc,195,Petrol,7,351,284,7.2,44000
Nissan,Terrano II,2.7L Inline-4 Diesel,2664 cc,160,Diesel,5,278,125,12.9,28000
Nissan,Murano CrossCabriolet,3.5L V6,3498 cc,195,Petrol,4,325,260,7.6,47000
Nissan,X-Trail Tekna,1.5L Turbo Hybrid,1497 cc,190,Hybrid,5,305,204,8,43000
Nissan,GT-R LM NISMO,3.0L Twin-Turbo V6 Hybrid,3000 cc,320,Hybrid,2,650,500,3,600000
Nissan,Skyline 400R,3.0L Twin-Turbo V6,2997 cc,250,Petrol,5,475,400,4.5,70000
Nissan,Infiniti G37*,3.7L V6,3696 cc,250,Petrol,5,365,328,5.5,42000
Nissan,Patrol Black Edition,5.6L V8,5552 cc,200,Petrol,7,560,400,6.5,85000
Nissan,Ariya Empower+,Dual Electric Motors,87 kWh,200,Electric,5,600,389,5.1,68000
Nissan,Datsun 510 (Classic),1.6L Inline-4,1595 cc,175,Petrol,4,135,96,10.2,25000
Nissan,200SX,2.0L Turbo Inline-4,1998 cc,240,Petrol,4,265,200,7.2,30000
Nissan,300ZX,3.0L Twin-Turbo V6,2960 cc,250,Petrol,4,384,300,5.9,50000
Nissan,R390 GT1 Road Car,3.5L Twin-Turbo V8,3495 cc,354,Petrol,2,637,550,3.3,1000000
Nissan,Figaro,1.0L Turbo Inline-4,987 cc,170,Petrol,4,103,76,12.8,20000
Nissan,Hardbody Truck,2.4L Inline-4,2389 cc,160,Petrol,5,206,134,10.6,25000
Nissan,Atlas,3.0L Inline-4 Diesel,2999 cc,130,Diesel,3,300,130,18,35000
Nissan,Clipper,660cc Inline-3,659 cc,110,Petrol,4,62,48,18.5,10000
Nissan,NV200,2.0L Inline-4,1998 cc,140,Petrol,7,188,131,14,28000
Nissan,Violet,1.8L Inline-4,1770 cc,155,Petrol,5,130,85,13.8,18000
Nissan,Bluebird Z,2.0L Inline-4,1998 cc,190,Petrol,5,180,140,11,23000
Nissan,Stanza Wagon,2.4L Inline-4,2389 cc,160,Petrol,7,205,138,12,22000
Nissan,180SX,2.0L Turbo Inline-4,1998 cc,240,Petrol,4,275,205,6.8,35000
Nissan,Sunny California,1.6L Inline-4,1597 cc,170,Petrol,5,140,110,11,18000
Nissan,Patrol Warrior,5.6L V8,5552 cc,205,Petrol,7,580,428,6.3,95000
Nissan,Pathfinder Armada Platinum,5.6L V8,5552 cc,190,Petrol,7,560,400,6.8,70000
Nissan,Rogue Sport SL,2.0L Inline-4,1998 cc,190,Petrol,5,195,141,9,32000
Nissan,X-Trail Platinum Edition,1.5L Turbo Hybrid,1497 cc,190,Hybrid,5,305,204,8,46000
Nissan,Qashqai e-Power,1.5L Hybrid,1497 cc,200,Hybrid,5,330,187,7.5,40000
Nissan,GT-R Egoist,3.8L Twin-Turbo V6,3799 cc,315,Petrol,2,637,565,2.8,220000
Nissan,Infiniti M45*,4.5L V8,4494 cc,250,Petrol,5,451,325,5.8,50000
Nissan,Skyline 50th Anniversary,3.0L Twin-Turbo V6,2997 cc,250,Petrol,5,475,400,4.5,75000
Nissan,Ariya Dual Motor AWD,Dual Electric Motors,87 kWh,200,Electric,5,600,389,5.1,70000
Nissan,Patrol Legend Edition,5.6L V8,5552 cc,205,Petrol,7,580,428,6.3,95000
Nissan,Datsun 240Z (Classic),2.4L Inline-6,2393 cc,210,Petrol,2,198,151,8,45000
Nissan,100NX,1.6L Inline-4,1597 cc,185,Petrol,4,135,110,9.6,18000
Nissan,Cedric Special Edition,3.0L V6,2960 cc,225,Petrol,5,330,250,8.5,60000
Nissan,300ZX Turbo,3.0L Twin-Turbo V6,2960 cc,250,Petrol,4,384,300,5.9,55000
Nissan,Silvia S15 Spec-R,2.0L Turbo Inline-4,1998 cc,240,Petrol,4,300,250,5.6,35000
Nissan,NV400,2.3L Inline-4 Diesel,2298 cc,150,Diesel,3,360,135,15,40000
Nissan,Titan Warrior,5.6L V8,5552 cc,180,Petrol,5,560,400,7,55000
Nissan,Caravan Coach,2.5L Inline-4 Diesel,2498 cc,140,Diesel,7,260,127,14,30000
Nissan,Serena e-Power,1.2L Hybrid,1198 cc,160,Hybrid,7,320,134,12,35000
Nissan,Elgrand,3.5L V6,3498 cc,200,Petrol,7,344,280,8.5,50000
Nissan,Datsun 510,1.6L Inline-4,1595 cc,175,Petrol,4,135,96,10.2,25000
Nissan,Prairie,2.0L Inline-4,1998 cc,175,Petrol,5,170,120,11,18000
Nissan,Pulsar GTI-R,2.0L Turbo Inline-4,1998 cc,225,Petrol,5,280,230,6,30000
Nissan,Almera Tino,1.8L Inline-4,1769 cc,180,Petrol,5,160,114,12.5,15000
Nissan,Lucino,1.6L Inline-4,1597 cc,185,Petrol,5,150,115,10.5,12000
Nissan,Rasheen,1.5L Inline-4,1497 cc,165,Petrol,5,135,105,13,10000
Nissan,Mistral,2.7L Turbo Diesel,2663 cc,160,Diesel,7,260,125,12.5,25000
Nissan,Patrol Y60,4.2L Inline-6,4169 cc,160,Diesel,7,330,155,12,45000
Nissan,X-Trail GT,2.0L Turbo Inline-4,1998 cc,215,Petrol,5,310,280,6.4,38000
Nissan,Terrano Regulus,3.3L V6,3275 cc,175,Petrol,5,290,170,10,28000
Nissan,President,4.5L V8,4494 cc,210,Petrol,5,400,280,7.5,70000
Nissan,Cima,4.1L V8,4130 cc,210,Petrol,5,390,270,8,60000
Nissan,Leopard J. Ferie,3.0L V6 Turbo,2960 cc,215,Petrol,5,340,255,6.5,45000
Nissan,Gloria Gran Turismo,3.0L V6 Turbo,2960 cc,220,Petrol,5,340,255,6.5,50000
Nissan,Infiniti Q45*,4.5L V8,4494 cc,240,Petrol,5,450,340,6.2,50000
Nissan,Datsun 240Z,2.4L Inline-6,2393 cc,210,Petrol,2,198,151,8,45000
Nissan,280ZX,2.8L Inline-6,2753 cc,205,Petrol,2,210,145,9.5,35000
Nissan,Silvia S13,1.8L Turbo Inline-4,1809 cc,215,Petrol,4,230,175,6.8,20000
Nissan,200SX,2.0L Turbo Inline-4,1998 cc,225,Petrol,4,260,200,7,25000
Nissan,NX Coupe,1.8L Inline-4,1839 cc,200,Petrol,4,180,140,9,18000
Nissan,NV2500,4.0L V6,3954 cc,160,Petrol,2,385,261,10,36000
Nissan,NV3500,5.6L V8,5552 cc,170,Petrol,2,525,375,9,42000
Nissan,NT400 Cabstar,3.0L Inline-4 Diesel,2953 cc,140,Diesel,3,350,150,15,35000
Porsche,Panamera,2.9L V6 Twin Turbo,2894 cc,270,Petrol,4,450,330,5.6,88000
Porsche,Panamera 4,2.9L V6 Twin Turbo,2894 cc,270,Petrol,4,450,330,5.4,92000
Porsche,Panamera 4S,2.9L V6 Twin Turbo,2894 cc,289,Petrol,4,550,440,4.4,105000
Porsche,Panamera Turbo S,4.0L V8 Twin Turbo,3996 cc,315,Petrol,4,820,620,3.1,180000
Porsche,Panamera GTS,4.0L V8 Twin Turbo,3996 cc,300,Petrol,4,620,473,3.9,130000
Porsche,Panamera Platinum Edition,2.9L V6 Twin Turbo,2894 cc,270,Petrol,4,450,330,5.4,102000
Porsche,Panamera E-Hybrid,2.9L V6 + Electric Motor,17.9 kWh Battery,280,Hybrid (Petrol),4,700,455,4.4,115000
Porsche,Panamera 4 E-Hybrid Sport Turismo,2.9L V6 + Electric Motor,17.9 kWh Battery,280,Hybrid (Petrol),4,700,455,4.4,120000
Porsche,Panamera Turbo S E-Hybrid,4.0L V8 + Electric Motor,17.9 kWh Battery,315,Hybrid (Petrol),4,870,690,3.2,190000
Porsche,Panamera 4 Executive,2.9L V6 Twin Turbo,2894 cc,270,Petrol,4,450,330,5.6,95000
Porsche,Cayenne,3.0L V6 Turbo,2995 cc,245,Petrol,5,450,335,5.9,80000
Porsche,Cayenne Coupe,3.0L V6 Turbo,2995 cc,245,Petrol,5,450,335,6,85000
Porsche,Cayenne S,2.9L V6 Twin Turbo,2894 cc,265,Petrol,5,550,434,5,95000
Porsche,Cayenne Turbo,4.0L V8 Twin Turbo,3996 cc,286,Petrol,5,770,541,4,130000
Porsche,Cayenne GTS,4.0L V8 Twin Turbo,3996 cc,270,Petrol,5,620,453,4.5,110000
Porsche,Cayenne Turbo S E-Hybrid,4.0L V8 + Electric Motor,17.9 kWh Battery,295,Hybrid (Petrol),5,900,670,3.6,170000
Porsche,Macan,2.0L I4 Turbo,1984 cc,232,Petrol,5,400,261,6.2,60000
Porsche,Macan S,2.9L V6 Twin Turbo,2894 cc,259,Petrol,5,520,375,4.8,75000
Porsche,Macan GTS,2.9L V6 Twin Turbo,2894 cc,272,Petrol,5,550,434,4.5,85000
Porsche,Macan T,2.0L I4 Turbo,1984 cc,232,Petrol,5,400,261,6.2,65000
Porsche,911 Carrera,3.0L Flat-6 Twin Turbo,2981 cc,293,Petrol,4,450,379,4.2,110000
Porsche,911 Carrera S,3.0L Twin-Turbo Flat-6,2981 cc,308,Petrol,4,528,443,3.5,131300
Porsche,911 Carrera 4,3.0L Twin-Turbo Flat-6,2981 cc,293,Petrol,4,450,379,4.2,106500
Porsche,911 Carrera 4S,3.0L Twin-Turbo Flat-6,2981 cc,306,Petrol,4,528,443,3.4,113300
Porsche,911 Targa 4,3.0L Twin-Turbo Flat-6,2981 cc,289,Petrol,4,450,379,4.4,121300
Porsche,911 Turbo,3.8L Twin-Turbo Flat-6,3745 cc,320,Petrol,4,750,572,2.7,197200
Porsche,911 Turbo S,3.8L Twin-Turbo Flat-6,3745 cc,330,Petrol,4,800,640,2.6,230400
Porsche,911 GT3,4.0L Naturally Aspirated Flat-6,3996 cc,318,Petrol,2,469,502,3.4,161100
Porsche,911 GT3 RS,4.0L Naturally Aspirated Flat-6,3996 cc,296,Petrol,2,465,518,3.2,241300
Porsche,911 Dakar,3.0L Twin-Turbo Flat-6,2981 cc,240,Petrol,2,570,473,3.4,222000
Porsche,Taycan,Dual Electric Motors,79.2 kWh,230,Electric,4,344,402,5.4,86700
Porsche,Taycan 4S,Dual Electric Motors,79.2 kWh,250,Electric,4,640,522,4,103800
Porsche,Taycan Turbo,Dual Electric Motors,93.4 kWh,260,Electric,4,850,670,3.2,150900
Porsche,Taycan Turbo S,Dual Electric Motors,93.4 kWh,260,Electric,4,1050,750,2.8,185000
Porsche,Taycan GTS,Dual Electric Motors,93.4 kWh,250,Electric,4,850,590,3.5,132750
Porsche,Taycan Cross Turismo,Dual Electric Motors,93.4 kWh,220,Electric,5,500,469,4.8,97700
Porsche,Taycan Sport Turismo,Dual Electric Motors,79.2 kWh,240,Electric,5,650,509,4.1,104000
Porsche,718 Cayman,2.0L Turbocharged Flat-4,1988 cc,275,Petrol,2,380,300,4.9,63400
Porsche,718 Cayman S,2.5L Turbocharged Flat-4,2497 cc,285,Petrol,2,420,350,4.4,75400
Porsche,718 Cayman GT4,4.0L Naturally Aspirated Flat-6,3995 cc,302,Petrol,2,420,414,4.2,100200
Porsche,718 Cayman GT4 RS,4.0L Naturally Aspirated Flat-6,3996 cc,315,Petrol,2,450,493,3.2,141700
Porsche,718 Boxster,2.0L Turbo Flat-4,1988 cc,275,Petrol,2,380,300,4.9,65500
Porsche,718 Boxster T,2.0L Turbo Flat-4,1988 cc,275,Petrol,2,380,300,4.7,69600
Porsche,718 Boxster GTS,4.0L Naturally Aspirated Flat-6,3995 cc,293,Petrol,2,430,394,4.3,90300
Porsche,718 Spyder,4.0L Naturally Aspirated Flat-6,3995 cc,301,Petrol,2,420,414,4.1,98300
Porsche,Panamera Base,2.9L Twin-Turbo V6,2894 cc,265,Petrol,4,450,325,5.6,92300
Porsche,Panamera 4 E-Hybrid,2.9L Twin-Turbo V6 + Electric Motor,2894 cc,280,Hybrid,4,700,462,4.4,113300
Porsche,Panamera 4 Sport Turismo,2.9L Twin-Turbo V6,2894 cc,265,Petrol,4,450,325,5.5,101400
Porsche,Panamera Turbo S E-Hybrid Sport Turismo,4.0L Twin-Turbo V8 + Electric Motor,3996 cc,315,Hybrid,4,870,690,3.2,200200
Porsche,Panamera 4S E-Hybrid Executive,2.9L Twin-Turbo V6 + Electric Motor,2894 cc,295,Hybrid,4,750,560,3.7,128900
Porsche,Panamera Platinum Edition,2.9L Twin-Turbo V6,2894 cc,265,Petrol,4,450,325,5.6,98300
Porsche,Panamera GTS Sport Turismo,4.0L Twin-Turbo V8,3996 cc,300,Petrol,4,620,473,3.9,136900
Porsche,Panamera Turbo Executive,4.0L Twin-Turbo V8,3996 cc,306,Petrol,4,770,550,3.8,175200
Porsche,Panamera Turbo S Exclusive Series,4.0L Twin-Turbo V8,3996 cc,310,Petrol,4,800,570,3.8,290000
Porsche,Panamera 4S ,2.9L Twin-Turbo V6,2894 cc,289,Petrol,4,550,443,4.1,105000
Porsche,Macan Base,2.0L Turbo Inline-4,1984 cc,232,Petrol,5,400,265,6.4,58000
Porsche,Macan T,2.0L Turbo Inline-4,1984 cc,233,Petrol,5,400,265,6.2,63000
Porsche,Macan S,2.9L Twin-Turbo V6,2894 cc,259,Petrol,5,520,375,4.6,70400
Porsche,Macan GTS,2.9L Twin-Turbo V6,2894 cc,272,Petrol,5,550,434,4.3,82900
Porsche,Macan EV ,Dual Electric Motors,95 kWh,240,Electric,5,750,603,4,85000
Porsche,Cayenne Base,3.0L Turbocharged V6,2995 cc,245,Petrol,5,450,335,5.9,72200
Porsche,Cayenne E-Hybrid,3.0L V6 + Electric Motor,2995 cc,253,Hybrid,5,700,455,4.8,91000
Porsche,Cayenne S Coupe,2.9L Twin-Turbo V6,2894 cc,263,Petrol,4,550,434,4.7,94300
Porsche,Cayenne Turbo GT,4.0L Twin-Turbo V8,3996 cc,300,Petrol,4,850,631,3.3,182150
Porsche,Cayenne Platinum Edition,3.0L Turbocharged V6,2995 cc,245,Petrol,5,450,335,5.8,79000
Porsche,Cayenne Turbo S E-Hybrid Coupe,4.0L Twin-Turbo V8 + Electric Motor,3996 cc,295,Hybrid,4,900,670,3.6,167800
Porsche,Cayenne GTS Coupe,4.0L Twin-Turbo V8,3996 cc,270,Petrol,4,620,453,4.5,111200
Porsche,Cayenne Diesel (Regional Markets),3.0L Turbo Diesel V6,2967 cc,221,Diesel,5,580,262,7.3,69000
Porsche,Cayenne S Hybrid,3.0L V6 + Electric Motor,2995 cc,242,Hybrid,5,580,380,6.5,85500
Porsche,Cayenne Coupe Turbo E-Hybrid,4.0L Twin-Turbo V8 + Electric Motor,3996 cc,295,Hybrid,4,950,728,3.6,182900
Porsche,Taycan Base,Dual Electric Motors,79.2 kWh,230,Electric,4,345,321,5.4,86700
Cadillac,CT4,2.0L Turbo Inline-4 Gasoline,2000 cc,250,Petrol,5,350,237,6,34395
Cadillac,CT4-V,2.7L Turbo Inline-4 Gasoline,2700 cc,260,Petrol,5,500,325,4.9,46595
Cadillac,CT5,2.0L Turbo Inline-4 Gasoline,2000 cc,240,Petrol,5,350,237,6.6,38195
Cadillac,CT5-V,3.0L Twin-Turbo V6 Gasoline,3000 cc,250,Petrol,5,550,360,4.6,50995
Porsche,Taycan Cross Turismo 4,Dual Electric Motors,93.4 kWh,240,Electric,4,500,375,5.1,94800
Porsche,Taycan Cross Turismo GTS,Dual Electric Motors,93.4 kWh,250,Electric,4,620,590,3.8,139400
Porsche,Taycan Sport Turismo Base,Dual Electric Motors,79.2 kWh,230,Electric,4,500,375,5.4,90500
Porsche,Taycan Sport Turismo GTS,Dual Electric Motors,93.4 kWh,250,Electric,4,620,590,3.7,136700
Porsche,Taycan Turbo S Cross Turismo,Dual Electric Motors,93.4 kWh,260,Electric,4,1050,750,2.9,190000
Porsche,911 Carrera Base,3.0L Twin-Turbo Flat-6,2981 cc,293,Petrol,4,450,379,4.2,106100
Porsche,911 Carrera S Cabriolet,3.0L Twin-Turbo Flat-6,2981 cc,304,Petrol,4,530,443,3.9,129900
Porsche,911 Carrera 4,3.0L Twin-Turbo Flat-6,2981 cc,293,Petrol,4,450,379,4.4,113300
Porsche,911 Carrera 4 GTS,3.0L Twin-Turbo Flat-6,2981 cc,311,Petrol,4,570,473,3.3,137000
Porsche,911 Targa 4 GTS,3.0L Twin-Turbo Flat-6,2981 cc,307,Petrol,4,570,473,3.5,157300
Porsche,911 Turbo Cabriolet,3.8L Twin-Turbo Flat-6,3745 cc,320,Petrol,4,750,572,2.9,184100
Porsche,911 Turbo S Coupe,3.8L Twin-Turbo Flat-6,3745 cc,330,Petrol,4,800,640,2.7,207000
Porsche,911 GT3 Touring,4.0L Naturally Aspirated Flat-6,3996 cc,318,Petrol,2,470,502,3.9,170000
Porsche,911 GT3 RS Clubsport,4.0L Naturally Aspirated Flat-6,3996 cc,296,Petrol,2,465,525,3.2,223800
Porsche,911 Dakar Limited Edition,3.0L Twin-Turbo Flat-6,2981 cc,240,Petrol,4,570,473,3.4,222000
Porsche,911 Carrera GTS Lightweight,3.0L Twin-Turbo Flat-6,2981 cc,311,Petrol,4,570,473,3.2,145300
Porsche,911 Targa 4 Lightweight,3.0L Twin-Turbo Flat-6,2981 cc,289,Petrol,4,450,379,4.3,135500
Porsche,911 Turbo Exclusive Series,3.8L Twin-Turbo Flat-6,3745 cc,330,Petrol,4,750,607,2.9,258000
Porsche,911 GT2 RS,3.8L Twin-Turbo Flat-6,3745 cc,340,Petrol,2,750,700,2.8,293200
Porsche,911 GT3 Cup,4.0L Naturally Aspirated Flat-6,3996 cc,290,Petrol,1,470,510,3.4,245000
Porsche,911 GT4 RS,4.0L Naturally Aspirated Flat-6,3996 cc,315,Petrol,2,450,500,3.4,222000
Porsche,911 RSR (Motorsport Edition),4.2L Naturally Aspirated Flat-6,4194 cc,296,Petrol,1,480,515,3.1,750000
Porsche,911 Sport Turismo,3.0L Twin-Turbo Flat-6,2981 cc,293,Petrol,4,450,379,4.4,116000
Porsche,911 Turbo Cabriolet Lightweight,3.8L Twin-Turbo Flat-6,3745 cc,318,Petrol,4,750,572,3,191300
Porsche,911 Dakar Sport,3.0L Twin-Turbo Flat-6,2981 cc,240,Petrol,4,570,473,3.5,233000
Tata Motors,Tiago,1.2L Revotron 3-cylinder Petrol,1199 cc,170,Petrol,5,113,86,13,8200
Tata Motors,Tiago EV,Permanent Magnet Synchronous,24 kWh,120,Electric,5,114,74,5.7,11000
Tata Motors,Altroz,1.2L Revotron Petrol / 1.5L Diesel,1199 cc / 1497 cc,170,Petrol/Diesel,5,200,86,12,10400
Tata Motors,Altroz DCA,1.2L Revotron 3-cylinder Petrol,1199 cc,170,Petrol,5,113,86,12.5,11300
Tata Motors,Altroz iTurbo,1.2L Turbocharged Petrol,1199 cc,180,Petrol,5,140,110,10,12000
Tata Motors,Altroz CNG,1.2L Revotron Bi-Fuel,1199 cc,165,CNG/Petrol,5,113,86,12,11800
Tata Motors,Tiago NRG,1.2L Revotron 3-cylinder Petrol,1199 cc,170,Petrol,5,113,86,13.5,9200
Tata Motors,Nano GenX,624cc MPFI,624 cc,105,Petrol,4,51,37,29,4000
Tata Motors,Indica eV2,1.4L CR4 Diesel,1396 cc,155,Diesel,5,140,70,16,6200
Tata Motors,Indica V2 Xeta,1.2L MPFI Petrol,1193 cc,140,Petrol,5,100,65,16,5000
Tata Motors,Tigor,1.2L Revotron 3-cylinder Petrol,1199 cc,170,Petrol,5,113,86,13,9400
Tata Motors,Tigor EV,Permanent Magnet Synchronous,26 kWh,120,Electric,5,114,74,5.7,14500
Tata Motors,Zest,1.3L Quadrajet Diesel / 1.2L Revotron Petrol,1248 cc / 1199 cc,165,Diesel/Petrol,5,190,75,15,8700
Tata Motors,Indigo eCS,1.4L CR4 Diesel,1396 cc,155,Diesel,5,140,70,16.5,6500
Cadillac,Escalade,6.2L V8 Gasoline,6200 cc,210,Petrol,7,624,420,6.8,79295
Tata Motors,Indigo Marina,1.4L CR4 Diesel / 1.4L Petrol,1396 cc,150,Diesel/Petrol,5,135,70,17,8300
Tata Motors,Manza,1.3L Quadrajet Diesel / 1.4L Petrol,1248 cc / 1368 cc,160,Diesel/Petrol,5,200,75,14,9000
Tata Motors,Indigo LX,1.4L CR4 Diesel,1396 cc,150,Diesel,5,140,70,17,7000
Tata Motors,Indigo GLX,1.4L MPFI Petrol,1396 cc,160,Petrol,5,115,85,15,7200
Cadillac,Escalade ESV,6.2L V8 Gasoline,6200 cc,205,Petrol,7,624,420,6.9,82295
Tata Motors,Nexon,1.2L Turbo Petrol / 1.5L Diesel,1199 cc / 1497 cc,180,Petrol/Diesel,5,260,118,10,14000
Tata Motors,Nexon EV Max,Permanent Magnet Synchronous,40.5 kWh,140,Electric,5,250,143,9,25000
Tata Motors,Harrier,2.0L Kryotec Turbocharged Diesel,1956 cc,180,Diesel,5,350,168,11,23000
Tata Motors,Safari,2.0L Kryotec Turbocharged Diesel,1956 cc,180,Diesel,7,350,168,11,25500
Tata Motors,Punch,1.2L Revotron Petrol,1199 cc,160,Petrol,5,113,86,16,10500
Tata Motors,Hexa,2.2L Varicor Diesel,2179 cc,180,Diesel,7,400,154,12,20000
Tata Motors,Aria,2.2L Dicor Diesel,2179 cc,162,Diesel,7,320,138,13,19000
Tata Motors,Sumo Gold,3.0L CR4 Diesel,2956 cc,125,Diesel,7,250,85,17.6,15000
Tata Motors,Sumo Grande,2.2L Dicor Diesel,2179 cc,140,Diesel,7,250,118,15,16500
Tata Motors,Nexon EV Prime,Permanent Magnet Synchronous,30.2 kWh,120,Electric,5,245,129,9.4,22000
Tata Motors,Tiago EV,Permanent Magnet Synchronous,24 kWh,120,Electric,5,114,74,5.7,11000
Tesla,Model S,Dual Electric Motors,100 kWh,250,Electric,5,967,670,3.1,88490
Tesla,Model S Plaid,Tri Electric Motors,100 kWh,322,Electric,5,"1,400","1,020",2.1,108490
Tesla,Model 3,Single Electric Motor (RWD),60 kWh,225,Electric,5,420,283,5.8,40240
Tesla,Model 3 Performance,Dual Electric Motors (AWD),82 kWh,261,Electric,5,660,450,3.1,53240
Tesla,Model X,Dual Electric Motors (AWD),100 kWh,250,Electric,7,967,670,3.8,98490
Tesla,Model X Plaid,Tri Electric Motors,100 kWh,262,Electric,6,"1,400","1,020",2.6,113490
Tesla,Model Y,Single Electric Motor (RWD),75 kWh,217,Electric,5,498,346,5,47490
Tesla,Model Y Long Range,Dual Electric Motors (AWD),82 kWh,217,Electric,5,559,384,4.8,50490
Tesla,Cybertruck,Tri Electric Motors,200 kWh,209,Electric,6,"1,355",800,2.9,69900
Tesla,Roadster 2,Quad Electric Motors,200 kWh,402,Electric,4,"10,000","1,288",1.9,200000
Jeep,Wrangler,3.6L V6 Pentastar Gasoline,3600 cc,180,Petrol,4,353,285,6.8,35195
Jeep,Wrangler Rubicon,2.0L Turbo I4 Gasoline,2000 cc,180,Petrol,4,400,270,7.1,42100
Jeep,Grand Cherokee,3.6L V6 Pentastar Gasoline,3600 cc,209,Petrol,5,352,293,7,41530
Jeep,Grand Cherokee L,3.6L V6 Pentastar Gasoline,3600 cc,209,Petrol,7,352,293,7.2,43530
Jeep,Cherokee,2.4L I4 Tigershark Gasoline,2400 cc,195,Petrol,5,230,180,8.5,37695
Jeep,Compass,2.0L Turbo Gasoline,2000 cc,200,Petrol,5,320,200,7.8,31590
Jeep,Renegade,1.3L Turbo I4 Gasoline,1300 cc,200,Petrol,5,285,177,8.7,28345
Jeep,Gladiator,3.6L V6 Pentastar Gasoline,3600 cc,177,Petrol,5,353,285,8.1,38775
Jeep,Wagoneer,5.7L V8 Gasoline with eTorque,5700 cc,190,Petrol,8,548,392,7.4,63595
Jeep,Grand Wagoneer,6.4L V8 Gasoline,6400 cc,190,Petrol,8,617,471,6,91495
Jeep,Grand Cherokee 4xe,2.0L Turbo PHEV,17.3 kWh,210,Hybrid,5,637,375,6,59865
Jeep,Wrangler 4xe,2.0L Turbo PHEV,17.3 kWh,180,Hybrid,5,637,375,6.4,50695
Jeep,Compass 4xe,1.3L Turbo PHEV,11.4 kWh,200,Hybrid,5,270,240,7.3,46500
Jeep,Renegade 4xe,1.3L Turbo PHEV,11.4 kWh,200,Hybrid,5,270,240,7.5,44500
Mazda,Mazda2,1.5L 4-Cylinder,"1,500 cc",180,Petrol,5,142,108,10.2,20000
Jeep,Wagoneer S (Electric),Dual Electric Motors,100 kWh,177,Electric,5,850,600,4.5,80000
Jeep,Gladiator Mojave Edition,3.6L V6 Pentastar Gasoline,3600 cc,177,Petrol,5,353,285,8.6,51570
Jeep,Grand Cherokee Summit Reserve,5.7L V8 Gasoline,5700 cc,190,Petrol,5,529,357,7.3,66575
Jeep,Jeep Cherokee X Edition,3.2L V6 Pentastar Gasoline,3200 cc,195,Petrol,5,324,271,7.6,41295
Jeep,Wrangler 392,6.4L V8 HEMI Gasoline,6400 cc,160,Petrol,4,637,470,4.5,82495
Cadillac,XT4,2.0L Turbo Inline-4 Gasoline,2000 cc,220,Petrol,5,350,235,7.6,37490
Cadillac,XT5,3.6L V6 Gasoline,3600 cc,210,Petrol,5,366,310,6.5,44195
Cadillac,XT6,3.6L V6 Gasoline,3600 cc,210,Petrol,7,366,310,6.9,48595
Cadillac,Lyriq EV,Single Electric Motor,100 kWh,190,Electric,5,440,340,5.7,58590
Cadillac,Escalade V,6.2L Supercharged V8 Gasoline,6200 cc,200,Petrol,7,885,682,4.4,149990
Cadillac,Escalade Platinum,6.2L V8 Gasoline,6200 cc,210,Petrol,7,624,420,6.8,104595
Cadillac,CT5-V Blackwing,6.2L Supercharged V8 Gasoline,6200 cc,320,Petrol,5,893,668,3.4,92000
Cadillac,CT4-V Blackwing,3.6L Twin-Turbo V6 Gasoline,3600 cc,290,Petrol,5,603,472,3.9,60495
Cadillac,XT4 Sport,2.0L Turbo Inline-4 Gasoline,2000 cc,220,Petrol,5,350,235,7.4,41390
Cadillac,XT5 Sport,3.6L V6 Gasoline,3600 cc,210,Petrol,5,366,310,6.5,51095
Cadillac,XT6 Sport,3.6L V6 Gasoline,3600 cc,210,Petrol,7,366,310,6.9,57095
Cadillac,Lyriq Launch Edition,Single Electric Motor,100 kWh,190,Electric,5,440,340,5.7,59990
Cadillac,Lyriq EV Premium,Dual Electric Motors,100 kWh,210,Electric,5,620,500,4.5,64990
Cadillac,CT5 Premium Luxury,2.0L Turbo Inline-4 Gasoline,2000 cc,240,Petrol,5,350,237,6.8,41290
Chevrolet,Spark,1.4L Inline-4 Gasoline,1400 cc,180,Petrol,5,127,98,10.7,14595
Chevrolet,Sonic,1.4L Turbo Inline-4 Gasoline,1400 cc,190,Petrol,5,200,138,8.5,16720
Chevrolet,Malibu,1.5L Turbo Inline-4 Gasoline,1500 cc,210,Petrol,5,250,160,8,25000
Chevrolet,Camaro,2.0L Turbo Inline-4 Gasoline,2000 cc,240,Petrol,4,400,275,5.4,26400
Chevrolet,Corvette,6.2L V8 Gasoline,6200 cc,312,Petrol,2,637,495,3,65895
Chevrolet,Traverse,3.6L V6 Gasoline,3600 cc,210,Petrol,7,360,310,7,35915
Chevrolet,Equinox,1.5L Turbo Inline-4 Gasoline,1500 cc,200,Petrol,5,275,170,8.9,26600
Chevrolet,Blazer,3.6L V6 Gasoline,3600 cc,220,Petrol,5,366,308,6.6,44000
Chevrolet,Tahoe,5.3L V8 Gasoline,5300 cc,200,Petrol,7,519,355,7.5,56995
Chevrolet,Suburban,5.3L V8 Gasoline,5300 cc,190,Petrol,8,519,355,7.6,59900
Chevrolet,Colorado,2.7L Turbo Inline-4 Gasoline,2700 cc,190,Petrol,5,583,310,6.8,30695
Chevrolet,Silverado 1500,5.3L V8 Gasoline,5300 cc,180,Petrol,6,519,355,7,42795
Chevrolet,Silverado 2500HD,6.6L V8 Gasoline,6600 cc,170,Petrol,6,629,401,8,41500
Chevrolet,Silverado 3500HD,6.6L V8 Diesel,6600 cc,160,Diesel,6,1234,445,8.5,45500
Chevrolet,Bolt EV,Single Electric Motor,66 kWh,150,Electric,5,360,200,6.5,27495
Chevrolet,Bolt EUV,Single Electric Motor,66 kWh,150,Electric,5,360,200,7,28795
Chevrolet,Trailblazer,1.3L Turbo Inline-3 Gasoline,1300 cc,200,Petrol,5,236,155,9.4,23100
Chevrolet,Malibu Premier,2.0L Turbo Inline-4 Gasoline,2000 cc,240,Petrol,5,353,250,5.8,33500
Chevrolet,Camaro ZL1,6.2L Supercharged V8 Gasoline,6200 cc,318,Petrol,4,881,650,3.5,67300
Chevrolet,Corvette Stingray,6.2L V8 Gasoline,6200 cc,312,Petrol,2,637,495,3,65895
Chevrolet,Silverado 1500 High Country,5.3L V8 Gasoline,5300 cc,180,Petrol,6,519,355,7,61595
Chevrolet,Silverado 1500 Trail Boss,5.3L V8 Gasoline,5300 cc,180,Petrol,6,519,355,7,55895
Chevrolet,Silverado 1500 RST,5.3L V8 Gasoline,5300 cc,180,Petrol,6,519,355,7.1,50895
Chevrolet,Colorado ZR2,2.8L Turbo Diesel I4,2800 cc,160,Diesel,5,500,181,9.1,48295
Chevrolet,Traverse Premier,3.6L V6 Gasoline,3600 cc,210,Petrol,7,360,310,7,46600
Chevrolet,Equinox Premier,1.5L Turbo Inline-4 Gasoline,1500 cc,200,Petrol,5,275,170,8.8,33400
Chevrolet,Blazer RS,3.6L V6 Gasoline,3600 cc,220,Petrol,5,366,308,6.6,48900
Chevrolet,Bolt EV 2LT,Single Electric Motor,66 kWh,150,Electric,5,360,200,6.7,28795
Chevrolet,Camaro SS,6.2L V8 Gasoline,6200 cc,290,Petrol,4,617,455,4.3,43500
Chevrolet,Corvette Grand Sport,6.2L V8 Gasoline,6200 cc,290,Petrol,2,630,460,3.9,65900
Chevrolet,Traverse RS,3.6L V6 Gasoline,3600 cc,210,Petrol,7,360,310,7,43700
Chevrolet,Blazer Premier,3.6L V6 Gasoline,3600 cc,220,Petrol,5,366,308,6.6,45000
Chevrolet,Malibu LT,1.5L Turbo Inline-4 Gasoline,1500 cc,210,Petrol,5,250,160,8.5,25800
Chevrolet,Spark Activ,1.4L Inline-4 Gasoline,1400 cc,180,Petrol,5,127,98,11,17595
Chevrolet,Trax LT,1.2L Turbo Inline-3 Gasoline,1200 cc,200,Petrol,5,220,137,9.2,24100
Chevrolet,Equinox LT,1.5L Turbo Inline-4 Gasoline,1500 cc,200,Petrol,5,275,170,8.9,28400
Chevrolet,Silverado 3500HD High Country,6.6L V8 Diesel,6600 cc,160,Diesel,6,1234,445,8.5,75700
Chevrolet,Colorado WT,2.7L Turbo Inline-4 Gasoline,2700 cc,190,Petrol,5,583,310,6.9,29200
Chevrolet,Suburban High Country,6.2L V8 Gasoline,6200 cc,200,Petrol,8,624,420,7,82400
Chevrolet,Silverado Custom,4.3L V6 Gasoline,4300 cc,180,Petrol,6,413,285,8.5,33900
Chevrolet,Spark LS,1.4L Inline-4 Gasoline,1400 cc,180,Petrol,5,127,98,10.9,14395
Chevrolet,Traverse LT,3.6L V6 Gasoline,3600 cc,210,Petrol,7,360,310,7.1,37200
Chevrolet,Blazer LT,2.5L Inline-4 Gasoline,2500 cc,200,Petrol,5,255,193,9,36100
Chevrolet,Malibu Premier,2.0L Turbo Inline-4 Gasoline,2000 cc,240,Petrol,5,353,250,5.8,34500
Chevrolet,Equinox RS,1.5L Turbo Inline-4 Gasoline,1500 cc,200,Petrol,5,275,170,8.8,31900
Chevrolet,Silverado 1500 Custom,4.3L V6 Gasoline,4300 cc,180,Petrol,6,413,285,8.6,34900
Chevrolet,Silverado 2500HD LTZ,6.6L V8 Diesel,6600 cc,160,Diesel,6,1234,445,8.4,56400
Chevrolet,Tahoe RST,5.3L V8 Gasoline,5300 cc,180,Petrol,7,519,355,7.4,64100
Chevrolet,Suburban LT,5.3L V8 Gasoline,5300 cc,180,Petrol,8,519,355,5.1,64400
Chevrolet,Bolt EV Premier,Single Electric Motor,66 kWh,150,Electric,5,360,200,6.5,31700
Chevrolet,Tahoe LS,5.3L V8 Gasoline,5300 cc,180,Petrol,8,519,355,7.5,56995
Chevrolet,Tahoe LT,5.3L V8 Gasoline,5300 cc,180,Petrol,8,519,355,7.4,62495
Chevrolet,Tahoe RST,5.3L V8 Gasoline,5300 cc,180,Petrol,7,519,355,7.4,64100
Chevrolet,Tahoe Z71,5.3L V8 Gasoline,5300 cc,180,Petrol,7,519,355,7.6,66700
Chevrolet,Tahoe Premier,6.2L V8 Gasoline,6200 cc,200,Petrol,7,624,420,6.8,71600
Chevrolet,Tahoe High Country,6.2L V8 Gasoline,6200 cc,200,Petrol,7,624,420,6.7,76700
Chevrolet,Tahoe Midnight Edition,5.3L V8 Gasoline,5300 cc,180,Petrol,8,519,355,7.5,65500
Chevrolet,Tahoe Sport Edition,6.2L V8 Gasoline,6200 cc,200,Petrol,7,624,420,6.8,70000
GMC,Terrain,1.5L Turbo 4-cylinder,1500 cc,190,Petrol,5,275,175,9.5,29900
GMC,Acadia,2.0L Turbo 4-cylinder,2000 cc,200,Petrol,7,350,228,7.8,36800
GMC,Yukon,5.3L V8 Gasoline,5300 cc,180,Petrol,8,519,355,7.4,57400
GMC,Yukon XL,6.2L V8 Gasoline,6200 cc,200,Petrol,8,624,420,6.9,61100
GMC,Canyon,2.7L Turbo 4-cylinder,2700 cc,190,Petrol,5,583,310,7.6,36900
GMC,Sierra 1500,5.3L V8 Gasoline,5300 cc,180,Petrol,6,519,355,7.3,37100
GMC,Sierra 2500HD,6.6L V8 Diesel,6600 cc,175,Diesel,6,629,401,7.5,43900
GMC,Sierra 3500HD,6.6L V8 Diesel,6600 cc,175,Diesel,6,1234,445,7.4,49000
GMC,Hummer EV Pickup,Dual-Motor Electric,212 kWh,170,Electric,5,1000,625,3,108700
GMC,Hummer EV SUV,Dual-Motor Electric,212 kWh,170,Electric,5,1000,625,3.5,105600
GMC,Yukon Denali,6.2L V8 Gasoline,6200 cc,200,Petrol,8,624,420,6.8,72800
GMC,Sierra Denali,6.2L V8 Gasoline,6200 cc,190,Petrol,6,624,420,6.7,66800
GMC,Terrain AT4,1.5L Turbo 4-cylinder,1500 cc,190,Petrol,5,275,175,9.6,36500
GMC,Acadia AT4,3.6L V6 Gasoline,3600 cc,210,Petrol,6,366,310,7.6,41400
GMC,Sierra 1500 AT4,5.3L V8 Gasoline,5300 cc,180,Petrol,6,519,355,7.4,53800
GMC,Sierra 2500HD Denali,6.6L V8 Diesel,6600 cc,175,Diesel,6,1234,401,7.5,72200
GMC,Sierra Elevation,2.7L Turbo 4-cylinder,2700 cc,190,Petrol,5,583,310,7.6,45000
GMC,Canyon AT4,2.7L Turbo 4-cylinder,2700 cc,190,Petrol,5,583,310,7.5,43900
GMC,Canyon Denali,2.7L Turbo 4-cylinder,2700 cc,190,Petrol,5,583,310,7.5,48000
GMC,Yukon XL Denali Ultimate,6.2L V8 Gasoline,6200 cc,200,Petrol,8,624,420,6.7,93800
GMC,Terrain Denali,1.5L Turbo 4-cylinder,1500 cc,190,Petrol,5,275,175,9.5,38600
GMC,Acadia Denali,3.6L V6 engine,"3,564 cc",210,Petrol,7,366,310,6.5,54300
GMC,Yukon AT4,5.3L V8 engine,"5,327 cc",210,Petrol,8,519,355,7.1,71505
GMC,Yukon XL AT4,5.3L V8 engine,"5,327 cc",210,Petrol,8,519,355,7.3,73305
GMC,Sierra 1500 Elevation,2.7L Turbo engine,"2,713 cc",180,Petrol,5,569,310,7,52000
GMC,Sierra 1500 SLT,5.3L V8 engine,"5,327 cc",180,Petrol,5,519,355,6.8,56000
GMC,Sierra 2500HD AT4,6.6L V8 engine,"6,600 cc",170,Petrol,5,629,401,7.5,70000
GMC,Sierra 3500HD AT4,6.6L V8 engine,"6,600 cc",170,Petrol,5,629,401,7.7,72000
GMC,Canyon Elevation,2.5L I4 engine,"2,488 cc",175,Petrol,5,259,200,8.5,36300
GMC,Canyon Denali Black Edition,3.6L V6 engine,"3,564 cc",180,Petrol,5,373,308,6.9,44000
GMC,Sierra 1500 Denali Ultimate,6.2L V8 engine,"6,162 cc",200,Petrol,5,624,420,5.8,80000
GMC,Yukon XL Denali Reserve,6.2L V8 engine,"6,162 cc",210,Petrol,7,624,420,6,82000
GMC,Terrain Elevation Edition,1.5L Turbocharged I4 engine,"1,490 cc",200,Petrol,5,275,170,9.3,28700
GMC,Acadia Black Edition,3.6L V6 engine,"3,564 cc",210,Petrol,7,366,310,6.5,45000
GMC,Hummer EV SUV Edition 1,"Electric motors with up to 11,500 lb-ft torque",200 kWh,170,Electric,5,"15,590",830,3.5,96550
GMC,Hummer EV Pickup Edition 1,"Electric motors with up to 11,500 lb-ft torque",200 kWh,170,Electric,5,"15,590","1,000",3,96550
GMC,Sierra Denali CarbonPro,6.2L V8 engine,"6,162 cc",200,Petrol,5,624,420,5.8,65000
GMC,Yukon Denali Performance,6.2L V8 engine,"6,162 cc",210,Petrol,8,624,420,6,76805
GMC,Sierra 2500HD Denali Black Edition,6.6L V8 engine,"6,600 cc",170,Petrol,5,629,401,7.5,75000
GMC,Canyon AT4X,3.6L V6 engine,"3,564 cc",180,Petrol,5,373,308,6.9,50000
GMC,Yukon XL SLT,5.3L V8 engine,"5,327 cc",210,Petrol,8,519,355,7.3,65000
GMC,Sierra 1500 Pro,4.3L V6 engine,"4,300 cc",180,Petrol,3,413,285,7.5,37700
GMC,Sierra 2500HD Pro,6.6L V8 engine,"6,600 cc",170,Petrol,3,629,401,7.7,60000
GMC,Sierra 3500HD Pro,6.6L V8 engine,"6,600 cc",170,Petrol,3,629,401,7.8,62000
GMC,Terrain SLT,1.5L Turbocharged I4 engine,"1,490 cc",200,Petrol,5,275,170,9.4,31000
GMC,Acadia SLE,3.6L V6 engine,"3,564 cc",210,Petrol,7,366,310,6.6,40000
GMC,Canyon SLT,2.5L I4 engine,"2,488 cc",175,Petrol,5,259,200,8.6,38000
GMC,Yukon XL Elevation,5.3L V8 engine,"5,327 cc",210,Petrol,8,519,355,7.4,75000
GMC,Sierra 1500 AT4X,6.2L V8 engine,"6,162 cc",200,Petrol,5,624,420,5.9,82000
GMC,Hummer EV SUV Extreme Off-Road,"Electric motors with up to 11,500 lb-ft torque",200 kWh,170,Electric,5,"15,590",Up to 830 hp,3.6,110000
GMC,Sierra EV Denali,Electric motors with advanced AWD,200 kWh,170,Electric,5,"1,064",Up to 754 hp,4.5,108700
GMC,Hummer EV Omega Edition,"Electric motors with up to 11,500 lb-ft torque",200 kWh,170,Electric,5,"15,590","Up to 1,000 hp",3,112700
GMC,Canyon AT4X Edition 1,3.6L V6 engine,"3,564 cc",180,Petrol,5,373,308,6.8,55000
GMC,Yukon Denali Ultimate Black,6.2L V8 engine,"6,162 cc",210,Petrol,8,624,420,6,90000
GMC,Sierra HD Denali Reserve,6.6L V8 engine,"6,600 cc",170,Petrol,5,629,401,7.5,85000
GMC,Acadia Denali Ultimate,3.6L V6 engine,"3,564 cc",210,Petrol,7,366,310,6.5,60000
GMC,Terrain All-Terrain Edition,1.5L Turbocharged I4 engine,"1,490 cc",200,Petrol,5,275,170,9.3,35000
GMC,Yukon Trailering Edition,5.3L V8 engine,"5,327 cc",210,Petrol,8,519,355,7.5,78000
GMC,Hummer EV Adventure Series,"Electric motors with up to 11,500 lb-ft torque",200 kWh,170,Electric,5,"15,590",830,3.6,105000
Kia,Rio,1.6L 4-Cylinder,1591 cc,180,Petrol,5,151,120,10.3,17000
Kia,Rio 5-Door,1.6L 4-Cylinder,1591 cc,180,Petrol,5,151,120,10.3,18000
Kia,Seltos Nightfall Edition,1.6L Turbocharged 4-Cylinder,1591 cc,210,Petrol,5,264,175,7.5,28000
Peugeot,508 PSE (Peugeot Sport Engineered),Hybrid I4 + Electric Motor,"1,599 cc (petrol) + Electric Motor",250,Hybrid,5,520,360,5.2,55000
Kia,Sorento X-Line,2.5L Turbocharged 4-Cylinder,2500 cc,220,Petrol,7,421,277,7,42000
Kia,Telluride SX,3.8L V6,3778 cc,240,Petrol,7,355,291,7,50000
Kia,Forte LXS,2.0L 4-Cylinder,1999 cc,190,Petrol,5,179,147,9.2,19000
Kia,K5 EX,1.6L Turbocharged 4-Cylinder,1591 cc,220,Petrol,5,264,180,7.8,28500
Kia,Niro Plug-In Hybrid,1.6L 4-Cylinder Hybrid,1591 cc,180,Hybrid,5,265,139,10.5,33000
Kia,EV6 Wind,Electric Motor,77.4 kWh,190,Electric,5,350,225,5.2,50000
Kia,Soul Turbo,1.6L Turbocharged 4-Cylinder,1591 cc,200,Petrol,5,264,201,6.5,28000
Kia,Seltos SX,1.6L Turbocharged 4-Cylinder,1591 cc,210,Petrol,5,264,175,7.5,28500
Kia,Stinger Scorpion Edition,2.5L Turbocharged 4-Cylinder,2500 cc,270,Petrol,5,422,300,5,55000
Kia,Sorento Hybrid SX Prestige,1.6L Hybrid Turbocharged 4-Cylinder,1591 cc,200,Hybrid,7,352,227,7.9,47000
Kia,Carnival EX,3.5L V6,3500 cc,220,Petrol,8,355,290,8,42500
Kia,Telluride Nightfall Edition,3.8L V6,3778 cc,240,Petrol,7,355,291,7,51000
Peugeot,508 Plug-In Hybrid,Hybrid I4 + Electric Motor,"1,598 cc (petrol) + Electric Motor",210,Hybrid,5,360,225,7.5,44000
Kia,EV6 First Edition,Electric Motor,77.4 kWh,230,Electric,5,450,320,5,58000
Kia,Niro Touring,1.6L 4-Cylinder Hybrid,1591 cc,180,Hybrid,5,265,139,10.5,33000
Kia,Forte GT-Line,1.6L Turbocharged 4-Cylinder,1591 cc,200,Petrol,5,264,201,6.5,25000
Kia,Seltos EX,2.0L 4-Cylinder,1999 cc,190,Petrol,5,179,146,9,23500
Peugeot,3008 Plug-In Hybrid,Hybrid I4 + Electric Motor,"1,598 cc (petrol) + Electric Motor",210,Hybrid,5,360,225,7,42000
Kia,Sorento LX,2.5L 4-Cylinder,2500 cc,210,Petrol,7,246,191,8.5,35500
Kia,Telluride EX,3.8L V6,3778 cc,240,Petrol,7,355,291,7,44000
Kia,Soul EX,2.0L 4-Cylinder,1999 cc,190,Petrol,5,179,147,9.5,22000
Kia,Forte FE,2.0L 4-Cylinder,1999 cc,190,Petrol,5,179,147,9.2,18500
Kia,K5 GT-Line,1.6L Turbocharged 4-Cylinder,1591 cc,220,Petrol,5,264,180,7.8,29000
Kia,Carnival LXS,3.5L V6,3500 cc,220,Petrol,8,355,290,8,39500
Kia,EV6 Light,Electric Motor,77.4 kWh,190,Electric,5,350,225,5.2,46000
Kia,Niro EX,1.6L 4-Cylinder Hybrid,1591 cc,180,Hybrid,5,265,139,10.5,30000
Kia,Stinger GT,3.3L Turbocharged V6,3300 cc,270,Petrol,5,510,365,4.7,51500
Kia,Sorento SX Prestige,2.5L Hybrid Turbocharged 4-Cylinder,1591 cc,200,Hybrid,7,352,227,7.9,48000
Kia,Telluride SX Prestige,3.8L V6,3778 cc,240,Petrol,7,355,291,7,52000
Peugeot,508 Hybrid4,Hybrid I4 + Electric Motor,"1,598 cc (petrol) + Electric Motor",235,Hybrid,5,520,300,6,47000
Kia,EV6 GT Performance,Electric Motor,77.4 kWh,260,Electric,5,740,577,3.5,65000
Kia,Niro SX Touring,1.6L 4-Cylinder Hybrid,1591 cc,180,Hybrid,5,265,139,10.5,34500
Kia,Carnival SX Prestige,3.5L V6,3500 cc,220,Petrol,8,355,290,8,47000
Kia,Seltos SX Turbo,1.6L Turbocharged 4-Cylinder,1591 cc,210,Petrol,5,264,175,7.5,32000
Kia,Forte EX Premium,2.0L 4-Cylinder,1999 cc,190,Petrol,5,179,147,9.2,22500
Kia,Soul EX Designer Edition,2.0L 4-Cylinder,1999 cc,190,Petrol,5,179,147,9.5,23500
Kia,Rio S,1.6L 4-Cylinder,1591 cc,180,Petrol,5,151,120,10.3,17500
Kia,Rio 5-Door S,1.6L 4-Cylinder,1591 cc,180,Petrol,5,151,120,10.3,18000
Kia,Soul S,2.0L 4-Cylinder,1999 cc,190,Petrol,5,179,147,9.5,20500
Kia,Seltos LX,2.0L 4-Cylinder,1999 cc,190,Petrol,5,179,146,9.2,23000
Peugeot,3008 Hybrid4,Hybrid I4+ Electric Motor,"1,599 cc (Petrol) + Electric Motor",235,Hybrid,5,520,300,6,45000
Kia,Sorento Hybrid EX,1.6L Hybrid Turbocharged 4-Cylinder,1591 cc,200,Hybrid,7,352,227,7.9,47000
Kia,Telluride LX,3.8L V6,3778 cc,240,Petrol,7,355,291,7,41500
Kia,Carnival MPV EX,3.5L V6,3500 cc,220,Petrol,8,355,290,8,43500
Kia,EV6 AWD GT-Line,Electric Motor,77.4 kWh,230,Electric,5,450,320,5,60000
Kia,Forte GT Turbo,1.6L Turbocharged 4-Cylinder,1591 cc,200,Petrol,5,264,201,6.5,25500
Kia,Soul GT Designer Edition,2.0L 4-Cylinder,1999 cc,190,Petrol,5,179,147,9.5,23000
Kia,Seltos X-Line Turbo,1.6L Turbocharged 4-Cylinder,1591 cc,210,Petrol,5,264,175,7.5,30000
Peugeot,e-2008 GT,Electric Motor,50 kWh,200,Electric,5,260,136,8.5,40000
Kia,Telluride Limited Edition,3.8L V6,3778 cc,240,Petrol,7,355,291,7,53000
Kia,Stinger GT-Line,2.5L Turbocharged 4-Cylinder,2500 cc,270,Petrol,5,422,300,5,50000
Kia,Carnival Special Edition,3.5L V6,3500 cc,220,Petrol,8,355,290,8,45500
Kia,Niro SX Hybrid,1.6L Hybrid Turbocharged 4-Cylinder,1591 cc,180,Hybrid,5,265,139,10.5,36000
Kia,EV6 First Edition AWD,Electric Motor,77.4 kWh,230,Electric,5,450,320,5,62000
Kia,Sorento X-Pro Hybrid,1.6L Hybrid Turbocharged 4-Cylinder,1591 cc,200,Hybrid,7,352,227,7.8,49000
Kia,Forte Limited Edition,2.0L 4-Cylinder,1999 cc,190,Petrol,5,179,147,9.2,22500
Bugatti,Chiron,8.0L Quad-Turbo W16,7993 cc,420,Petrol,2,1600,1500,2.5,3000000
Bugatti,Chiron Pur Sport,8.0L Quad-Turbo W16,7993 cc,350,Petrol,2,1600,1500,2.3,3300000
Bugatti,Chiron Super Sport,8.0L Quad-Turbo W16,7993 cc,490,Petrol,2,1600,1600,2.4,3500000
Bugatti,Chiron Sport,8.0L Quad-Turbo W16,7993 cc,420,Petrol,2,1600,1500,2.4,3300000
Bugatti,Chiron Noire,8.0L Quad-Turbo W16,7993 cc,420,Petrol,2,1600,1500,2.5,3300000
Bugatti,Divo,8.0L Quad-Turbo W16,7993 cc,380,Petrol,2,1600,1500,2.4,5800000
Bugatti,Centodieci,8.0L Quad-Turbo W16,7993 cc,380,Petrol,2,1600,1600,2.4,9000000
Bugatti,La Voiture Noire,8.0L Quad-Turbo W16,7993 cc,420,Petrol,2,1600,1500,2.5,18000000
Bugatti,Bolide,8.0L Quad-Turbo W16,7993 cc,500,Petrol,2,1600,1850,2.2,4500000
Bugatti,Mistral,8.0L Quad-Turbo W16,7993 cc,420,Petrol,2,1600,1600,2.4,5000000
Volvo,Volvo FH,13.0L I6 Turbo Diesel,13000 cc,120,Diesel,2,2600,540,15,120000
Volvo,Volvo FH16,16.1L I6 Turbo Diesel,16100 cc,120,Diesel,2,3500,750,14.5,160000
Volvo,Volvo FM,12.8L I6 Turbo Diesel,12800 cc,110,Diesel,2,2200,460,16,100000
Volvo,Volvo FMX,13.0L I6 Turbo Diesel,13000 cc,110,Diesel,2,2500,500,16.5,110000
Volvo,Volvo VNL,12.8L I6 Turbo Diesel,12800 cc,120,Diesel,2,2400,500,15,125000
Volvo,Volvo VNR,12.8L I6 Turbo Diesel,12800 cc,110,Diesel,2,1800,400,17,95000
Volvo,Volvo VHD,12.8L I6 Turbo Diesel,12800 cc,100,Diesel,2,2500,500,18,120000
Volvo,Volvo FE,7.7L I6 Turbo Diesel,7700 cc,90,Diesel,2,1200,280,20,85000
Volvo,Volvo FL,5.1L I4 Turbo Diesel,5100 cc,80,Diesel,2,800,180,22,75000
Jaguar Land Rover,Jaguar F-Type,V6 / V8 Petrol,2995 cc (V6),260,Petrol,2,450,335,5.1,70000
Jaguar Land Rover,Jaguar XE,I4 Petrol,1999 cc (I4),250,Petrol,5,365,250,6.5,45000
Jaguar Land Rover,Jaguar XF,I4 Petrol,1999 cc (I4),250,Petrol,5,365,250,6.5,50000
Jaguar Land Rover,Jaguar XJ,V6 Petrol,2995 cc (V6),250,Petrol,5,400,300,6,85000
Jaguar Land Rover,Jaguar E-PACE,I4 Petrol,1999 cc (I4),230,Petrol,5,430,200,7,50000
Jaguar Land Rover,Jaguar I-PACE,Electric (Dual Motor),90 kWh (Battery),200,Electric,5,696,400,4.8,70000
Jaguar Land Rover,Jaguar F-PACE,I4 Petrol / V6 Petrol,1999 cc (I4) / 2995 cc (V6),230,Petrol,5,480,250,7.2,55000
Jaguar Land Rover,Jaguar X-TYPE,I4 Petrol,1998 cc (I4),215,Petrol,5,215,160,9,40000
Jaguar Land Rover,Jaguar F-PACE R-Dynamic,I4 Petrol / V6 Petrol,1999 cc (I4) / 2995 cc (V6),250,Petrol,5,480,340,5.4,65000
Jaguar Land Rover,Jaguar XE R-Dynamic,I4 Petrol,1999 cc (I4),250,Petrol,5,450,340,5.4,60000
Jaguar Land Rover,Jaguar F-Type SVR,V8 Petrol,5000 cc (V8),320,Petrol,2,700,575,3.7,120000
Jaguar Land Rover,Jaguar I-PACE Electric Performance,Electric (Dual Motor),90 kWh (Battery),200,Electric,5,696,400,4.5,85000
Jaguar Land Rover,Jaguar F-PACE SVR,V8 Petrol,5000 cc (V8),283,Petrol,5,700,550,4,85000
Jaguar Land Rover,Jaguar XE S,I4 Petrol,1999 cc (I4),250,Petrol,5,450,340,5.3,55000
Jaguar Land Rover,Jaguar XF R-Dynamic,I4 Petrol / V6 Petrol,1999 cc (I4) / 2995 cc (V6),250,Petrol,5,480,340,5.4,65000
Jaguar Land Rover,Jaguar XJ LWB (Long Wheelbase),V6 Petrol,2995 cc (V6),250,Petrol,5,400,300,6,90000
Jaguar Land Rover,Jaguar F-Type Heritage Edition,V8 Petrol,5000 cc (V8),300,Petrol,2,680,550,3.9,110000
Jaguar Land Rover,Jaguar E-PACE S,I4 Petrol,1999 cc (I4),230,Petrol,5,430,200,7,50000
Jaguar Land Rover,Jaguar I-PACE HSE,Electric (Dual Motor),90 kWh (Battery),200,Electric,5,696,400,4.5,90000
Jaguar Land Rover,Jaguar F-Type V8 R,V8 Petrol,5000 cc (V8),300,Petrol,2,680,550,3.9,100000
Jaguar Land Rover,Jaguar F-Type R-Dynamic,I4 Petrol / V6 Petrol,1999 cc (I4) / 2995 cc (V6),250,Petrol,2,400,300,5.1,70000
Jaguar Land Rover,Jaguar XE P300 R-Dynamic,I4 Petrol,1999 cc (I4),250,Petrol,5,400,300,5.5,55000
Jaguar Land Rover,Jaguar XF Sportbrake,I4 Petrol / V6 Petrol,1999 cc (I4) / 2995 cc (V6),250,Petrol,5,400,250,6.5,60000
Jaguar Land Rover,Jaguar I-PACE EV400 HSE,Electric (Dual Motor),90 kWh (Battery),200,Electric,5,696,400,4.5,85000
Jaguar Land Rover,Jaguar F-PACE S 30t AWD,I4 Petrol,1999 cc (I4),225,Petrol,5,365,247,6.4,60000
Jaguar Land Rover,Jaguar E-PACE R-Dynamic,I4 Petrol,1999 cc (I4),230,Petrol,5,430,246,6.8,55000
Jaguar Land Rover,Jaguar XJ50,V6 Petrol,2995 cc (V6),250,Petrol,5,400,300,6,80000
Jaguar Land Rover,Jaguar F-Type 75th Anniversary Edition,V8 Petrol,5000 cc (V8),300,Petrol,2,680,550,3.9,100000
Jaguar Land Rover,Jaguar F-PACE S AWD,I4 Petrol / V6 Petrol,1999 cc (I4) / 2995 cc (V6),250,Petrol,5,480,340,5.4,65000
Jaguar Land Rover,Jaguar XE SE,I4 Petrol,1999 cc (I4),240,Petrol,5,365,250,6.2,50000
Jaguar Land Rover,Jaguar F-Type V6 S Convertible,V6 Petrol,2995 cc (V6),280,Petrol,2,460,380,4.8,80000
Jaguar Land Rover,Jaguar XE R-Sport AWD,I4 Petrol / V6 Petrol,1999 cc (I4) / 2995 cc (V6),250,Petrol,5,400,300,5.5,55000
Jaguar Land Rover,Jaguar XF Portfolio AWD,I4 Petrol / V6 Petrol,1999 cc (I4) / 2995 cc (V6),250,Petrol,5,450,340,5.4,60000
Jaguar Land Rover,Jaguar F-Type Coupe R,V8 Petrol,5000 cc (V8),300,Petrol,2,680,550,3.9,100000
Jaguar Land Rover,Jaguar I-PACE First Edition,Electric (Dual Motor),90 kWh (Battery),200,Electric,5,696,400,4.5,85000
Jaguar Land Rover,Jaguar F-PACE Prestige AWD,I4 Petrol / V6 Petrol,1999 cc (I4) / 2995 cc (V6),250,Petrol,5,480,340,5.4,65000
Jaguar Land Rover,Jaguar XJ Supercharged,V8 Petrol,5000 cc (V8),280,Petrol,5,625,510,4.2,90000
Jaguar Land Rover,Jaguar F-Type P450 AWD,V8 Petrol,5000 cc (V8),290,Petrol,2,600,450,4,90000
Jaguar Land Rover,Jaguar F-PACE P400e Plug-in Hybrid,I4 Petrol + Electric Motor,1999 cc (I4) + Electric,220,Plug-in Hybrid,5,640,398,5.1,75000
Jaguar Land Rover,Jaguar F-Type P300 Coupe,I4 Petrol,1999 cc (I4),250,Petrol,2,400,300,5.5,60000
Acura,NSX Type S,Twin-Turbo V6 Hybrid,"3,493 cc (V6)",307,Hybrid,2,666,600,2.9,157000
Acura,TLX PMC Edition,V6,"3,500 cc (V6)",250,Petrol,5,362,290,5.7,62000
Acura,MDX Advance,V6,"3,500 cc (V6)",190,Petrol,7,362,290,6,60000
Acura,RDX Technology,I4 Turbocharged,"1,500 cc (I4)",210,Petrol,5,400,272,6.6,45000
Acura,ILX Premium,I4,"2,400 cc (I4)",200,Petrol,5,180,201,6.6,30000
Acura,TLX A-Spec,V6,"3,500 cc (V6)",250,Petrol,5,362,290,5.7,50000
Acura,RDX SH-AWD,I4 Turbocharged,"1,500 cc (I4)",210,Petrol,5,400,272,6.6,50000
Acura,MDX SH-AWD,V6,"3,500 cc (V6)",190,Petrol,7,362,290,6,55000
Acura,RDX Platinum Elite,I4 Turbocharged,"1,500 cc (I4)",210,Petrol,5,400,272,6.6,55000
Acura,TLX A-Spec Sedan,V6,"3,500 cc (V6)",250,Petrol,5,362,290,5.7,50000
Acura,TLX 2.4L,Inline-4,"2,400 cc",210,Petrol,5,247,206,6,35000
Acura,MDX Hybrid,V6 Hybrid,"3,500 cc",190,Hybrid,7,335,321,6,55000
Acura,RDX Hybrid,Inline-4 Hybrid,"1,500 cc",210,Hybrid,5,400,247,6.6,50000
Acura,ILX Technology Package,Inline-4,"2,400 cc",200,Petrol,5,180,201,6.6,30000
Acura,NSX GT3 (Track Version),Twin-Turbo V6 Hybrid,"3,493 cc",300,Hybrid,2,600,500,3,150000
Acura,RDX Turbo AWD,Inline-4 Turbocharged,"1,500 cc",210,Petrol,5,400,272,6.6,45000
Acura,TLX 3.5L V6,V6,"3,500 cc",250,Petrol,5,362,290,5.7,50000
Acura,ILX Special Edition,Inline-4,"2,400 cc",200,Petrol,5,180,201,6.6,30000
Acura,MDX SH-AWD w/Technology Package,V6,"3,500 cc",190,Petrol,7,362,290,6,55000
Acura,NSX 3.5L Hybrid Coupe,Twin-Turbo V6 Hybrid,"3,493 cc",307,Hybrid,2,666,537,2.9,157000
Acura,MDX Elite,V6,"3,500 cc",190,Petrol,7,362,290,6,58000
Acura,TLX V6 Advance,V6,"3,500 cc",250,Petrol,5,362,290,5.7,46000
Acura,NSX Carbon Edition,Twin-Turbo V6 Hybrid,"3,493 cc",307,Hybrid,2,666,537,2.9,157000
Acura,RDX Turbo SH-AWD,Turbocharged I4,"1,500 cc",210,Petrol,5,400,272,6.6,42000
Acura,ILX Technology Plus,Inline-4,"2,400 cc",200,Petrol,5,180,201,6.6,28000
Acura,TLX Type S PMC Edition,Turbocharged V6,"3,000 cc",250,Petrol,5,480,355,5.1,54000
Acura,MDX Sport Hybrid,V6 Hybrid,"3,500 cc",190,Hybrid,7,335,321,6,52000
Peugeot,208,Inline-4,"1,199 cc",180,Petrol,5,160,82,10.5,22000
Peugeot,2008,Inline-4,"1,199 cc",190,Petrol,5,205,100,9,25000
Peugeot,301,Inline-4,"1,598 cc",185,Petrol,5,150,115,10,23500
Peugeot,308,Inline-4,"1,598 cc",200,Petrol,5,230,130,8,28000
Peugeot,3008,Inline-4,"1,598 cc",210,Petrol,5,400,180,7.5,32000
Peugeot,5008,Inline-4,"1,998 cc",200,Diesel,7,400,165,9.5,35000
Peugeot,508,Inline-4,"1,998 cc",235,Petrol,5,300,180,8,35500
Peugeot,Partner,Diesel I4,"1,560 cc",160,Diesel,5,200,75,12,22500
Peugeot,Expert,Diesel I4,"1,997 cc",180,Diesel,3,300,120,10,30000
Peugeot,Boxer,Diesel I4,"2,200 cc",160,Diesel,3,340,140,11,32000
Peugeot,e-208,Electric Motor,50 kWh,150,Electric,5,260,136,8.1,35000
Peugeot,e-2008,Electric Motor,50 kWh,150,Electric,5,260,136,8.5,38000
Peugeot,208 GTI,Inline-4,"1,598 cc",230,Petrol,5,300,208,6.5,28000
Peugeot,308 GTI,Inline-4,"1,598 cc",250,Petrol,5,330,270,6,35000
Peugeot,508 PSE (Peugeot Sport Engineered),Hybrid I4,"1,598 cc (petrol) + Electric Motor",250,Hybrid,5,520,360,5.2,55000
Peugeot,308 Allure,Inline-4,"1,199 cc",205,Petrol,5,230,130,9.3,25000
Peugeot,2008 Allure,Inline-4,"1,199 cc",200,Petrol,5,230,130,9.7,27000
Peugeot,3008 Allure,Inline-4,"1,499 cc",210,Petrol,5,250,180,8,30000
Peugeot,5008 Allure,Inline-4,"1,499 cc",200,Petrol,7,250,180,8.5,33000
Peugeot,508 Allure,Inline-4,"1,499 cc",225,Petrol,5,250,180,8,35000
Peugeot,3008 GT,Inline-4,"1,598 cc",220,Petrol,5,280,200,7.5,35000
Peugeot,508 GT,Inline-4,"1,598 cc",235,Petrol,5,300,225,6.8,40000
Peugeot,3008 GT Hybrid,Hybrid I4,"1,598 cc (petrol) + Electric Motor",235,Hybrid,5,400,300,6,45000
Peugeot,5008 GT Hybrid,Hybrid I4,"1,598 cc (petrol) + Electric Motor",210,Hybrid,7,400,300,6.5,48000
Peugeot,208 Allure Premium,Inline-4,"1,199 cc",200,Petrol,5,230,130,9.5,28000
Peugeot,Partner Tepee,Inline-4,"1,560 cc",170,Diesel,5,260,100,12,25000
Peugeot,Expert L2H1,Inline-4,"1,997 cc",160,Diesel,3,320,120,13,30000
Peugeot,Boxer L2H2,Inline-4,"2,200 cc",140,Diesel,3,350,130,14,35000
Peugeot,208 PSE (Peugeot Sport Engineered),Hybrid I4,"1,598 cc (petrol) + Electric Motor",250,Hybrid,5,360,225,5.5,45000
Peugeot,308 PSE,Hybrid I4,"1,598 cc (petrol) + Electric Motor",250,Hybrid,5,520,360,5,55000
Peugeot,508 PSE,Hybrid I4,"1,598 cc (petrol) + Electric Motor",250,Hybrid,5,520,360,5.2,60000
Peugeot,3008 PSE,Hybrid I4,"1,598 cc (petrol) + Electric Motor",235,Hybrid,5,400,300,6,50000
Peugeot,2008 Active,Inline-4,"1,199 cc",190,Petrol,5,205,100,11.2,22000
Peugeot,3008 Active,Inline-4,"1,499 cc",200,Petrol,5,240,130,10,30000
Peugeot,5008 Active,Inline-4,"1,499 cc",190,Petrol,7,240,130,10.5,33000
Peugeot,3008 Allure Premium,Inline-4,"1,499 cc",200,Petrol,5,240,130,9.8,32000
Peugeot,5008 Allure Premium,Inline-4,"1,499 cc",190,Petrol,7,240,130,10.2,35000
Peugeot,3008 GT Line,Inline-4,"1,598 cc",210,Petrol,5,250,180,8.5,35000
Peugeot,5008 GT Line,Inline-4,"1,598 cc",200,Petrol,7,250,180,9,38000
Peugeot,2008 GT,Inline-4,"1,199 cc",200,Petrol,5,230,130,9.3,25000
Peugeot,5008 GT,Inline-4,"1,598 cc",210,Petrol,7,250,180,8.2,40000
Peugeot,508 SW (Station Wagon),Inline-4,"1,598 cc",220,Petrol,5,300,180,8.4,35000
Peugeot,508 Saloon,Inline-4,"1,598 cc",210,Petrol,5,300,180,8.6,37000
Peugeot,308 Saloon,Inline-4,"1,199 cc",200,Petrol,5,230,130,9,28000
Peugeot,301 Sedan,Inline-4,"1,199 cc",180,Petrol,5,115,82,12,20000
Peugeot,208 Sedan,Inline-4,"1,199 cc",190,Petrol,5,205,100,11.2,22000
Ford,Fusion (Mondeo),1.5L EcoBoost / 2.0L Hybrid,"1,500 - 2,000 cc",220,Petrol/Hybrid,5,400,160,7.5,40000
Ford,Taurus,3.5L V6 / 2.0L EcoBoost,"2,000 - 3,500 cc",220,Petrol,5,500,200,6.5,45000
Ford,Fiesta,1.0L EcoBoost / 1.5L,"1,000 - 1,500 cc",200,Petrol,5,290,85,7,25000
Ford,Focus,1.0L EcoBoost / 1.5L / 2.0L,"1,000 - 2,000 cc",220,Petrol,5,400,120,6.5,20000
Ford,KA+,1.2L Petrol,"1,200 cc",165,Petrol,5,140,70,10.5,15000
Ford,EcoSport,1.0L Turbo Inline-3 / 2.0L,"1,000 - 2,000 cc",180,Petrol,5,200,123,9,20000
Ford,Escape (Kuga),1.5L EcoBoost / 2.5L Hybrid,"1,500 - 2,500 cc",190,Petrol/Hybrid,5,200,181,7.5,25000
Ford,Edge,2.0L EcoBoost / 2.7L V6,"2,000 - 2,700 cc",200,Petrol,5,475,250,6.5,35000
Ford,Explorer,2.3L EcoBoost / 3.0L V6,"2,300 - 3,000 cc",200,Petrol,7,500,300,6,35000
Ford,Expedition,3.5L EcoBoost / 5.4L V8,"3,500 - 5,400 cc",180,Petrol,8,800,375,6.5,50000
Ford,Bronco,2.3L EcoBoost / 2.7L V6,"2,300 - 2,700 cc",200,Petrol,4,600,275,7.5,30000
Ford,Bronco Sport,1.5L EcoBoost / 2.0L EcoBoost,"1,500 - 2,000 cc",185,Petrol,5,375,181,7,26000
Ford,F-150,3.3L V6 / 5.0L V8 / 3.5L EcoBoost,"3,300 - 5,000 cc",200,Petrol/Diesel,5,700,290,6.5,35000
Ford,F-250 Super Duty,6.2L V8 / 7.3L V8 / 6.7L Turbo-Diesel,"6,200 - 7,300 cc",180,Petrol/Diesel,5,"1,050",385,7,40000
Ford,F-350 Super Duty,6.7L Turbo-Diesel / 7.3L V8,"6,700 - 7,300 cc",180,Diesel,5,"1,200",450,8,45000
Ford,Maverick,2.5L Hybrid / 2.0L EcoBoost,"2,500 - 2,000 cc",180,Hybrid/Petrol,5,380,191,8,22000
Ford,Ranger,2.3L Turbo Inline-4 / 2.7L V6,"2,300 - 2,700 cc",180,Petrol/Diesel,5,540,270,7,25000
Ford,Mustang Mach-E,Electric Motor,98 kWh,180,Electric,5,430,480,3.5,43000
Ford,F-150 Lightning,Electric Motor,98 kWh,180,Electric,5,1051,452,4.5,40000
Ford,Escape Hybrid,2.5L Inline-4 + Electric,"2,500 cc",180,Hybrid,5,210,200,7.7,28000
Ford,Explorer Hybrid,3.3L V6 + Electric,"3,300 cc",180,Hybrid,7,500,318,7.5,50000
Ford,Mustang,5.0L V8,"5,000 cc",250,Petrol,4,530,450,4.3,55000
Ford,GT,3.5L Twin-Turbo V6,"3,500 cc",348,Petrol,2,746,660,3,500000
Ford,Focus ST,2.3L Turbo Inline-4,"2,300 cc",250,Petrol,5,420,280,5.7,30000
Ford,Fiesta ST,1.5L Turbo Inline-3,"1,500 cc",230,Petrol,5,290,200,6.5,23000
Ford,Bronco Raptor,3.0L Twin-Turbo V6,"3,000 cc",220,Petrol,4,583,400,5.5,70000
Ford,Ranger Raptor,2.7L Twin-Turbo V6,"2,700 cc",200,Petrol,5,583,392,6,45000
Ford,F-150 Raptor,3.5L Twin-Turbo V6,"3,500 cc",200,Petrol,5,691,450,5,70000
Ford,Puma,Turbocharged Inline-3,"1,000 cc",191,Petrol,5,200,123,9.6,28000
Ford,Territory,Turbocharged Inline-4,"1,500 cc",180,Petrol,5,225,140,11,32000
Ford,Everest,Turbocharged Inline-4,"2,000 cc",190,Diesel,7,500,210,10.5,52000
Ford,Flex,Naturally Aspirated V6,"3,500 cc",200,Petrol,7,345,287,7.9,31000
Ford,Transit,EcoBlue Turbo Diesel,"2,000 cc",160,Diesel,15,405,170,12,43455
Ford,Transit Connect,Inline-4 Gasoline Engine,"2,000 cc",175,Petrol,7,200,162,10.5,29365
Ford,F-450 Super Duty,Turbocharged V8 Diesel,"6,700 cc",165,Diesel,6,"1,424",475,8.5,61625
Ford,F-550 Super Duty,Turbocharged V8 Diesel,"6,700 cc",165,Diesel,6,"1,424",475,8.8,64540
Ford,Mustang Shelby GT500,Supercharged V8,"5,200 cc",290,Petrol,2,847,760,3.5,79420
Ford,Mustang Shelby GT350,Naturally Aspirated V8,"5,200 cc",280,Petrol,2,582,526,4,59140
Ford,F-150 Platinum,Turbocharged V6,"3,500 cc",180,Petrol,5,678,400,6.5,64695
Ford,F-150 Limited,Turbocharged V6,"3,500 cc",190,Petrol,5,678,450,6.1,84910
Ford,Explorer Platinum,Turbocharged V6,"3,000 cc",230,Petrol,7,563,400,6,56505
Ford,Expedition King Ranch,Turbocharged V6,"3,500 cc",210,Petrol,7,691,440,6.8,79560
Ford,Transit Custom,EcoBlue Turbo Diesel,"2,000 cc",160,Diesel,9,385,130,12.5,35000
Ford,E-Series Cutaway,V8 Gasoline Engine,"7,300 cc",140,Petrol,2,569,350,13,36000
Ford,Transit Chassis Cab,EcoBlue Turbo Diesel,"2,000 cc",160,Diesel,2,405,170,11.5,37000
Ford,Transit Electric (E-Transit),Electric Motor,89 kWh (Electric),140,Electric,12,430,266,9,52000
Ford,Explorer Plug-in Hybrid,V6 Hybrid + Electric Motor,"3,000 cc (petrol) + Electric Motor",225,Hybrid,7,825,457,6,53000
Ford,Maverick Hybrid,I4 Hybrid,"2,500 cc (petrol) + Electric Motor",180,Hybrid,5,210,191,7.8,25000
Ford,Mustang (2024),V8 Gasoline Engine,"5,000 cc",250,Petrol,4,570,450,4.5,60000
Ford,Ranger (2024),I4 Turbo Diesel,"2,000 cc",180,Diesel,5,500,210,8,40000
Ford,Escape Plug-in Hybrid (2024),I4 Hybrid,"2,500 cc (petrol) + Electric Motor",190,Hybrid,5,210,221,7.5,38000
Ford,Bronco (2024),V6 EcoBoost,"2,700 cc",200,Petrol,5,542,310,6.7,45000
Ford,Explorer (2024),V6 Turbocharged,"3,000 cc",230,Petrol,7,563,400,5.9,55000
Mitsubishi,Mirage,1.2L MIVEC,"1,200 cc",170,Petrol,5,100,78,12,18000
Mitsubishi,Mirage G4,1.2L MIVEC,"1,200 cc",170,Petrol,5,100,78,12,19000
Mitsubishi,Outlander,2.5L 4-Cylinder,"2,500 cc",190,Petrol,7,245,181,9.5,28000
Mitsubishi,Outlander PHEV,2.4L Hybrid,"2,400 cc / 20 kWh battery",170,Hybrid,5,300,248,10.5,39000
Mitsubishi,Eclipse Cross,1.5L Turbo,"1,500 cc",180,Petrol,5,250,152,9.8,25000
Mitsubishi,ASX (Outlander Sport),2.0L MIVEC,"2,000 cc",190,Petrol,5,197,148,10,23000
Mitsubishi,Pajero,3.2L Diesel Turbo,"3,200 cc",180,Diesel,7,441,189,10.5,40000
Mitsubishi,Pajero Sport,2.4L Diesel Turbo,"2,400 cc",180,Diesel,7,430,181,11,35000
Mitsubishi,Triton (L200),2.4L Diesel Turbo,"2,400 cc",177,Diesel,5,430,181,10.5,25000
Mitsubishi,Lancer Evolution X,2.0L Turbocharged,"2,000 cc",240,Petrol,5,407,291,5,40000
Mitsubishi,i-MiEV (Electric),Electric Motor,16 kWh battery,130,Electric,4,196,66,15,23000
Mitsubishi,Xpander,1.5L MIVEC,"1,500 cc",170,Petrol,7,141,105,13.5,20000
Mitsubishi,Delica D:5,2.2L Diesel Turbo,"2,200 cc",175,Diesel,7,360,145,11,35000
Mitsubishi,Colt,1.1L / 1.5L MIVEC,"1,100 - 1,500 cc",180,Petrol,5,180,75,12,20000
Mitsubishi,Grandis,2.4L MIVEC,"2,400 cc",190,Petrol,7,217,165,11,25000
Mitsubishi,Outlander Black Edition,2.5L 4-Cylinder,"2,500 cc",190,Petrol,7,245,181,9.5,32000
Mitsubishi,Outlander SEL,2.5L 4-Cylinder,"2,500 cc",190,Petrol,7,245,181,9.5,31000
Mitsubishi,Outlander SE,2.5L 4-Cylinder,"2,500 cc",190,Petrol,7,245,181,9.5,29000
Mitsubishi,Eclipse Cross Black Edition,1.5L Turbo,"1,500 cc",180,Petrol,5,250,152,9.8,28000
Mitsubishi,ASX Exceed,2.0L MIVEC,"2,000 cc",190,Petrol,5,197,148,10,26000
Mitsubishi,Triton Athlete,2.4L Diesel Turbo,"2,400 cc",177,Diesel,5,430,181,10.5,27000
Mitsubishi,Pajero Final Edition,3.2L Diesel Turbo,"3,200 cc",180,Diesel,7,441,189,10.5,45000
Mitsubishi,L200 Barbarian X,2.4L Diesel Turbo,"2,400 cc",177,Diesel,5,430,181,10.5,30000
Mitsubishi,Space Star,1.2L MIVEC,"1,200 cc",170,Petrol,5,100,78,12,17000
Mitsubishi,Lancer EX,1.6L MIVEC / 2.0L,"1,600 - 2,000 cc",200,Petrol,5,197,117,10,20000
Mitsubishi,Montero Sport,2.4L Diesel Turbo,"2,400 cc",180,Diesel,7,430,181,11,35000
Mitsubishi,Attrage,1.2L MIVEC,"1,200 cc",170,Petrol,5,100,78,12.5,17000
Mitsubishi,RVR SE,2.0L MIVEC,"2,000 cc",190,Petrol,5,197,148,10.5,23000
Mitsubishi,Delica Van,2.0L Diesel / 2.2L Diesel,"2,000 - 2,200 cc",175,Diesel,7,360,145,11.5,30000
Mitsubishi,Lancer GLX,1.6L MIVEC,"1,600 cc",190,Petrol,5,154,115,11.5,20000
Mitsubishi,Pajero GLS,3.2L Diesel Turbo,"3,200 cc",180,Diesel,7,441,189,10.5,45000
Mitsubishi,Xpander Cross,1.5L MIVEC,"1,500 cc",170,Petrol,7,141,105,12,20000
Mitsubishi,Eclipse Cross PHEV,2.4L PHEV,"2,400 cc",180,Plug-in Hybrid,5,199,188,10.5,35000
Mitsubishi,Outlander ES,2.5L 4-Cylinder,"2,500 cc",190,Petrol,7,245,181,9.5,28000
Mitsubishi,Montero GLX,2.4L Diesel Turbo,"2,400 cc",180,Diesel,7,430,181,11,35000
Mitsubishi,Triton GLX-R,2.4L Diesel Turbo,"2,400 cc",177,Diesel,5,430,181,10.5,27000
Mitsubishi,ASX Dynamic,2.0L MIVEC,"2,000 cc",190,Petrol,5,197,148,10,25000
Mitsubishi,Mirage ES,1.2L MIVEC,"1,200 cc",170,Petrol,5,100,78,12.5,17000
Mitsubishi,Outlander LE,2.5L 4-Cylinder,"2,500 cc",190,Petrol,7,245,181,9.5,30000
Mitsubishi,Space Runner,1.8L MIVEC,"1,800 cc",185,Petrol,5,170,140,10.5,20000
Mitsubishi,Toppo BJ,0.7L 3-Cylinder,660 cc,130,Petrol,4,60,52,15,12000
Mitsubishi,Chariot,2.0L MIVEC,"2,000 cc",185,Petrol,7,170,140,10.5,20000
Mitsubishi,Lancer SE Limited,2.0L MIVEC,"2,000 cc",200,Petrol,5,197,148,10,20000
Mitsubishi,Pajero SWB (Short Wheel Base),3.2L Diesel Turbo,"3,200 cc",180,Diesel,5,441,189,10.5,45000
Mitsubishi,Delica Space Gear,2.4L Petrol,"2,400 cc",170,Petrol,7,206,145,13,30000
Mitsubishi,i (Kei Car),0.7L 3-Cylinder,660 cc,130,Petrol,4,94,64,15.5,15000
Mitsubishi,Dion,2.0L 4-Cylinder,"2,000 cc",180,Petrol,7,181,135,11.5,18000
Mitsubishi,Airtrek,2.4L 4-Cylinder,"2,400 cc",190,Petrol,5,214,160,11,20000
Mitsubishi,eK Space,0.7L 3-Cylinder,660 cc,130,Petrol,4,60,52,15,12000
Mitsubishi,eK X,0.7L 3-Cylinder,660 cc,140,Petrol,4,94,64,13.5,15000
Mitsubishi,Colt CZC Convertible,1.5L Turbocharged,"1,500 cc",200,Petrol,4,210,147,9.5,25000
Mitsubishi,Galant Fortis,2.0L MIVEC,"2,000 cc",200,Petrol,5,200,154,10,22000
Mitsubishi,Endeavor,3.8L V6,"3,800 cc",190,Petrol,5,343,225,9.5,28000
Mitsubishi,Grand Lancer,1.8L MIVEC,"1,800 cc",190,Petrol,5,173,138,11.5,20000
Mitsubishi,Sigma,3.0L V6,"3,000 cc",220,Petrol,5,270,210,8.5,35000
Mitsubishi,Town Box,0.7L 3-Cylinder,660 cc,120,Petrol,4,60,48,16,12000
Mitsubishi,Minicab MiEV,Electric Motor,16 kWh battery,100,Electric,2,196,64,15.9,20000
Mazda,Mazda3,2.0L SkyActiv-G,"2,000 cc",200,Petrol,5,213,155,8.9,22000
Mazda,Mazda3 Hatchback,2.5L SkyActiv-G,"2,500 cc",210,Petrol,5,252,186,8.3,24000
Mazda,Mazda6,2.5L Turbocharged,"2,500 cc",240,Petrol,5,420,250,6.4,27000
Mazda,CX-3,2.0L SkyActiv-G,"2,000 cc",180,Petrol,5,197,146,9.5,21000
Mazda,CX-30,2.5L SkyActiv-G,"2,500 cc",204,Petrol,5,252,186,8.7,23000
Mazda,CX-5,2.5L SkyActiv-G,"2,500 cc",200,Petrol,5,252,187,8.8,26000
Mazda,CX-50,2.5L Turbocharged,"2,500 cc",220,Petrol,5,434,256,6.9,29000
Mazda,CX-8,2.2L Diesel,"2,200 cc",200,Diesel,7,450,187,9.2,36000
Mazda,CX-9,2.5L Turbocharged,"2,500 cc",210,Petrol,7,420,250,7.2,38000
Mazda,CX-90,3.3L Inline-6 Turbo,"3,300 cc",240,Petrol,7,500,340,6.2,50000
Mazda,MX-5 Miata,2.0L SkyActiv-G,"2,000 cc",225,Petrol,2,205,181,6.5,27000
Mazda,MX-5 Miata RF,2.0L SkyActiv-G,"2,000 cc",225,Petrol,2,205,181,6.5,33000
Mazda,MX-30 Electric,Electric Motor,35.5 kWh battery,140,Electric,5,271,143,9.7,33000
Mazda,CX-4,2.0L SkyActiv-G,"2,000 cc",190,Petrol,5,202,158,9.6,22000
Mazda,CX-7,2.3L Turbocharged,"2,300 cc",210,Petrol,5,350,244,7.9,28000
Mazda,Tribute,3.0L V6,"3,000 cc",190,Petrol,5,270,200,9,30000
Mazda,B-Series Pickup,2.5L Diesel,"2,500 cc",170,Diesel,5,330,143,11.5,25000
Mazda,BT-50,3.2L Turbo Diesel,"3,200 cc",180,Diesel,5,470,200,10,35000
Mazda,RX-7,1.3L Rotary Twin-Turbo,"1,300 cc",250,Petrol,4,314,276,5.5,50000
Mazda,RX-3,1.2L Rotary,"1,200 cc",180,Petrol,4,145,110,8.9,20000
Mazda,323F,1.6L Inline-4,"1,600 cc",180,Petrol,5,145,105,10.5,18000
Mazda,Familia Sedan,1.5L Inline-4,"1,500 cc",175,Petrol,5,135,100,11,16000
Mazda,Premacy,2.0L Inline-4,"2,000 cc",190,Petrol,7,180,138,9.8,24000
Mazda,Demio,1.5L SkyActiv-G,"1,500 cc",180,Petrol,5,142,108,10.2,18000
Mazda,Millenia,2.3L Miller Cycle V6,"2,300 cc",215,Petrol,5,280,210,8.2,30000
Mazda,Eunos Cosmo,2.0L Twin-Rotor Turbo,"2,000 cc",240,Petrol,4,300,280,6,40000
Mazda,Atenza,2.5L SkyActiv-G,"2,500 cc",210,Petrol,5,252,192,8.5,28000
Mazda,Roadpacer AP,1.3L Rotary,"1,300 cc",170,Petrol,5,165,130,11.5,25000
Mazda,626,2.0L Inline-4,"2,000 cc",190,Petrol,5,180,140,9.5,22000
Mazda,929,3.0L V6,"3,000 cc",220,Petrol,5,270,205,8,30000
Mazda,Luce,1.8L Rotary,"1,800 cc",180,Petrol,5,170,135,10.5,20000
Mazda,Capella,1.6L Inline-4,"1,600 cc",175,Petrol,5,145,110,11.2,18000
Mazda,Carol,660cc Inline-3,660 cc,140,Petrol,4,90,63,15.5,9000
Mazda,Autozam AZ-1,657cc Turbocharged Inline-3,657 cc,140,Petrol,2,85,63,11,18000
Mazda,Spiano,660cc Inline-3,660 cc,130,Petrol,4,80,54,16,8000
Mazda,Verisa,1.5L Inline-4,"1,500 cc",170,Petrol,5,140,113,11,18000
Mazda,MX-6,2.5L V6,"2,500 cc",210,Petrol,4,215,164,8.8,24000
Mazda,MPV,3.0L V6,"3,000 cc",185,Petrol,7,265,200,9.5,30000
Mazda,Proceed Marvie,2.6L Inline-4,"2,600 cc",160,Petrol,5,200,120,12,25000
Mazda,Sentia,3.0L V6,"3,000 cc",200,Petrol,5,265,200,9,28000
Mazda,Cronos,2.5L V6,"2,500 cc",190,Petrol,5,210,160,8.5,22000
Mazda,Scrum,660cc Inline-3,660 cc,130,Petrol,4,85,63,15,9000
Mazda,Parkway,1.8L Inline-4,"1,800 cc",160,Petrol,5,155,115,12.5,25000
Mazda,Titan (Truck),3.0L Inline-4,"3,000 cc",120,Diesel,2,300,130,15,30000
Mazda,CX-60,2.5L Inline-4,"2,500 cc",200,Petrol/Diesel,5,250,187,8.5,40000
Mazda,CX-80,3.0L Inline-6,"3,000 cc",210,Petrol,7,400,250,7.5,45000
Mazda,T1500,1.5L Inline-4,"1,500 cc",120,Petrol,2,105,75,18,18000
Mazda,Bongo Van,2.0L Inline-4,"2,000 cc",160,Petrol/Diesel,3,140,100,14,22000
Mazda,Bongo Friendee,2.5L Inline-4,"2,500 cc",160,Petrol/Diesel,7,160,115,12.5,24000
Mazda,Revue,1.3L Inline-4,"1,300 cc",130,Petrol,5,110,75,15.5,12000
Mazda,Proteg,1.8L Inline-4,"1,800 cc",185,Petrol,5,170,125,9,18000
Mazda,Xedos 6,2.5L V6,"2,500 cc",215,Petrol,5,230,170,8.5,30000
Mazda,Xedos 9,3.0L V6,"3,000 cc",220,Petrol,5,260,200,7.5,35000
Mazda,121,1.3L Inline-4,"1,300 cc",155,Petrol,5,110,70,13,15000
Mazda,1200,1.2L Inline-4,"1,200 cc",130,Petrol,4,90,60,16,12000
Mazda,1500,1.5L Inline-4,"1,500 cc",145,Petrol,5,120,85,14,15000
Mazda,RX-2,1.3L Inline-2 (Wankel),"1,308 cc",185,Petrol,4,220,130,8.5,25000
Mazda,RX-5,1.6L Inline-2 (Wankel),"1,588 cc",190,Petrol,4,210,135,8,30000
Mazda,RX-7 Spirit R,1.3L Inline-2 (Wankel),"1,308 cc",250,Petrol,2,290,280,5.5,40000
Mazda,Cosmo Sport (110S),1.0L Inline-2 (Wankel),"1,000 cc",170,Petrol,2,150,110,10,35000
Mazda,Eunos 500,2.0L Inline-4,"1,998 cc",200,Petrol,5,170,135,9,28000
Mazda,Eunos Roadster,1.6L Inline-4,"1,590 cc",180,Petrol,2,140,116,9.5,18000
Mazda,Familia Astina,1.8L Inline-4,"1,800 cc",200,Petrol,5,170,135,8.5,22000
Mazda,Savanna RX-7,1.3L Inline-2 (Wankel),"1,308 cc",230,Petrol,2,230,165,7.5,32000
Mazda,Capella Cargo,2.0L Inline-4,"2,000 cc",180,Petrol,4,160,115,12,22000
Mazda,818,1.6L Inline-4,"1,600 cc",170,Petrol,5,130,100,12.5,18000
Mazda,Sentia Hardtop Coupe,2.5L V6,"2,500 cc",210,Petrol,4,220,160,8,35000
Mazda,Biante,2.0L Inline-4,"2,000 cc",185,Petrol,7,200,150,10,26000
Mazda,Premacy Hydrogen RE Hybrid,1.3L Wankel + Electric,"1,308 cc",180,Hybrid,5,260,200,9.5,40000
Mazda,Carol P360,0.36L Inline-2,360 cc,85,Petrol,4,45,26,35,8000
Mazda,T2000,2.0L Inline-4,"2,000 cc",170,Petrol,2,160,110,12.5,20000
Mazda,AZ-Offroad,1.3L Inline-4,"1,298 cc",145,Petrol,5,130,85,12,18000
Mazda,Scrum Wagon,0.66L Inline-3,657 cc,120,Petrol,4,95,64,15.5,12000
Mazda,Persona,1.5L Inline-4,"1,497 cc",160,Petrol,5,130,92,13.5,16000
Mazda,Astina,1.8L Inline-4,"1,800 cc",190,Petrol,5,160,140,8.5,24000
Mazda,Etude,1.6L Inline-4,"1,598 cc",170,Petrol,5,135,105,10,16000
Mazda,Porter,1.5L Inline-4,"1,497 cc",130,Petrol,2,130,95,14,15000
Mazda,MX-3,1.6L Inline-4,"1,598 cc",190,Petrol,4,140,130,8.5,22000
Mazda,MX-5 Superlight Concept,1.8L Inline-4,"1,798 cc",200,Petrol,2,160,143,7.5,35000
Mazda,Premacy Hydrogen RE,1.3L Wankel + Electric,"1,308 cc",180,Hybrid,5,260,200,9.5,40000
Mazda,Bongo Truck,2.0L Inline-4,"1,998 cc",130,Petrol,2,150,120,15,18000
Mazda,Rotary Pickup,1.3L Wankel Rotary Engine,"1,308 cc",150,Petrol,2,160,130,14.5,22000
Mazda,Luce Rotary Coupe,1.3L Wankel Rotary Engine,"1,308 cc",175,Petrol,4,180,135,12,30000
Mazda,Millenia S,2.5L V6,"2,500 cc",220,Petrol,5,250,200,8,35000
Mazda,787B (Race Car),2.6L Wankel Rotary Engine,"2,620 cc",320,Petrol,1,500,700,3.5,5000000
Toyota,Crown Signia,2.5L Hybrid I4,2487 cc,180,Hybrid (Gas + Electric),5,239,240,7.6,43590
Toyota,4Runner (6th Gen),2.4L Turbo I4 (i-FORCE MAX Hybrid),2393 cc + Battery,180,Hybrid,7,630,326,6.8,50000
Toyota,Corolla Cross,2.0L Gas / 2.0L Hybrid,1987 cc / Hybrid batt,190,Gas / Hybrid,5,210,169,9.2,29135
Toyota,C-HR+ ,1.8L / 2.0L Hybrid,1798 / 1987 cc + batt,180,Hybrid,5,205,140,10.5,33000
Toyota,RAV4 (6th Gen),2.5L Hybrid / Plug-in Hybrid,2487 cc + batt,200,Hybrid / Plug-in,5,400,219,8.1,43000
